geometry_id,split,tier,sequence,geometry_generation_seed,candidate_role,geometry_sha256,geometry_hash_source,generation_success,block_ids,block_count,route_length_m,bbox_width_m,bbox_height_m,lane_width_m,base_lane_num,straight_count,curve_count,intersection_count,t_intersection_count,roundabout_count,ramp_count,merge_split_count,decision_block_count,branching_choice_score,traffic_density,planned_traffic_vehicle_count,episode_budget_seconds,required_avg_speed_kmh_for_horizon_1000
geom_easy_SCS_seed0,TRAIN,Easy,SCS,0,pool_candidate,3bbbf995e00279527132ce1594ffe36e8b0236c47afdbec7fdb6bb287e9687d8,pinned_regeneration,True,ISCS,4,407.89441610698384,192.22,246.46,3.5,2,3,1,0,0,0,0,0,0,0,0.0,0,100.0,14.68
geom_easy_SCS_seed1,TRAIN,Easy,SCS,1,pool_candidate,7b721ddea0699aeff3168ff3a9f5de5f11209a374d591a86a0eaaf08bcbb6bbb,pinned_regeneration,True,ISCS,4,246.9110221328001,217.01,106.3,3.5,2,3,1,0,0,0,0,0,0,0,0.0,0,100.0,8.89
geom_easy_SCS_seed2,TRAIN,Easy,SCS,2,pool_candidate,bec4c11dd9275f8d1be89669961b6ac611dbd2be2e11a701779c274ebd9de4db,pinned_regeneration,True,ISCS,4,241.21959270296566,172.25,135.4,3.5,2,3,1,0,0,0,0,0,0,0,0.0,0,100.0,8.68
geom_easy_SCS_seed3,TRAIN,Easy,SCS,3,pool_candidate,2f6f3269f1451de3d31389d3f0a0188ea4ad9c681185e246694a36f86e858a18,pinned_regeneration,True,ISCS,4,356.03421367421566,164.82,227.29,3.5,2,3,1,0,0,0,0,0,0,0,0.0,0,100.0,12.82
geom_easy_SCS_seed4,TRAIN,Easy,SCS,4,pool_candidate,f5db5bc1e938409c2fbe7c4daf4409b20643a34a6253d8a6298882a90d35a059,pinned_regeneration,True,ISCS,4,375.74977062899006,190.02,233.44,3.5,2,3,1,0,0,0,0,0,0,0,0.0,0,100.0,13.53
geom_easy_SCS_seed5,TRAIN,Easy,SCS,5,pool_candidate,aa88e1c2e1dc3bc97fec59896079add7e70f1c9c758f380aa8fd4a03f82b24c3,pinned_regeneration,True,ISCS,4,383.5802272731953,180.83,232.07,3.5,2,3,1,0,0,0,0,0,0,0,0.0,0,100.0,13.81
geom_easy_SCS_seed7,TRAIN,Easy,SCS,7,pool_candidate,e17df3b5be19a33d762f501d2cd7a4e47bd47c3bb267a5ed1282d713bdfcd6d5,pinned_regeneration,True,ISCS,4,393.38568716336175,200.79,227.34,3.5,2,3,1,0,0,0,0,0,0,0,0.0,0,100.0,14.16
geom_easy_SCS_seed8,TRAIN,Easy,SCS,8,pool_candidate,cce114f95febde8a5d3729865f7607b2e8b613edec9ae299d59934a05ffd5823,pinned_regeneration,True,ISCS,4,209.47723489323542,189.94,90.81,3.5,2,3,1,0,0,0,0,0,0,0,0.0,0,100.0,7.54
geom_easy_SCS_seed12,TRAIN,Easy,SCS,12,pool_candidate,364f2324c41c740e3b02d71e161847ad86fb170d531db49491e0643abf462240,pinned_regeneration,True,ISCS,4,362.61302030110664,188.62,215.2,3.5,2,3,1,0,0,0,0,0,0,0,0.0,0,100.0,13.05
geom_easy_SCS_seed14,TRAIN,Easy,SCS,14,pool_candidate,d72b34587f996d473ff8ec41d961e9f8de67136814c5d53daaccdf300cc44798,pinned_regeneration,True,ISCS,4,219.45375291393128,189.82,110.16,3.5,2,3,1,0,0,0,0,0,0,0,0.0,0,100.0,7.9
geom_easy_SCS_seed15,TRAIN,Easy,SCS,15,pool_candidate,715a4e993a8353bd7cec859de50dbadb7d70bad0111ac7f32628f405487724c4,pinned_regeneration,True,ISCS,4,218.85931254587132,178.75,113.89,3.5,2,3,1,0,0,0,0,0,0,0,0.0,0,100.0,7.88
geom_easy_SCS_seed16,TRAIN,Easy,SCS,16,pool_candidate,e47823d49334b770a839479b69babaae498f3b97c8d2dc2ed8e2587a346841d1,pinned_regeneration,True,ISCS,4,384.9610413540861,175.28,243.84,3.5,2,3,1,0,0,0,0,0,0,0,0.0,0,100.0,13.86
geom_easy_SCS_seed17,TRAIN,Easy,SCS,17,pool_candidate,d506fb35a9176e7e334f1942ff033d1329ed936df70e989aa209e78a1d1e4601,pinned_regeneration,True,ISCS,4,254.08336579754507,210.13,121.37,3.5,2,3,1,0,0,0,0,0,0,0,0.0,0,100.0,9.15
geom_easy_SCS_seed18,TRAIN,Easy,SCS,18,pool_candidate,cc39dff63479cba03a7598af9bb49860fc463c92694f0f44bcee93d7836158f9,pinned_regeneration,True,ISCS,4,349.2875098944667,187.28,206.51,3.5,2,3,1,0,0,0,0,0,0,0,0.0,0,100.0,12.57
geom_easy_SCS_seed19,TRAIN,Easy,SCS,19,pool_candidate,40624bda19a08ba5220d3136a515faeef92c1056b4798ca2f948d79d8a8191e7,pinned_regeneration,True,ISCS,4,294.687078227801,199.5,164.6,3.5,2,3,1,0,0,0,0,0,0,0,0.0,0,100.0,10.61
geom_easy_SCSS_seed0,TRAIN,Easy,SCSS,0,pool_candidate,f315580c575a221a020c9996f8c7c1ba64f936d0362f9eed316d08289feccf90,pinned_regeneration,True,ISCSS,5,448.0778267515151,192.22,279.75,3.5,2,4,1,0,0,0,0,0,0,0,0.0,0,100.0,16.13
geom_easy_SCSS_seed2,TRAIN,Easy,SCSS,2,pool_candidate,31004866d9c8401f88cb76ed9b289d9a7d60d056bb91c4c696aed307d87351f6,pinned_regeneration,True,ISCSS,5,310.36272777376644,194.35,200.92,3.5,2,4,1,0,0,0,0,0,0,0,0.0,0,100.0,11.17
geom_easy_SCSS_seed3,TRAIN,Easy,SCSS,3,pool_candidate,68fbae08cc6d34648bcc19bbb1ba0438430f4b2cd748927704d921969ae6b91c,pinned_regeneration,True,ISCSS,5,401.0839496971649,164.82,265.24,3.5,2,4,1,0,0,0,0,0,0,0,0.0,0,100.0,14.44
geom_easy_SCSS_seed4,TRAIN,Easy,SCSS,4,pool_candidate,a6494d940761821e33150c767b561220d94586dba307df944131baa1e8457456,pinned_regeneration,True,ISCSS,5,453.06866406160725,190.02,306.66,3.5,2,4,1,0,0,0,0,0,0,0,0.0,0,100.0,16.31
geom_easy_SCSS_seed5,TRAIN,Easy,SCSS,5,pool_candidate,be9e7f1e92ae8ee30eb9949152b6777bb63037267710a6ffe178bf7ff8d913a0,pinned_regeneration,True,ISCSS,5,432.68790854760937,180.83,270.75,3.5,2,4,1,0,0,0,0,0,0,0,0.0,0,100.0,15.58
geom_easy_SCSS_seed6,TRAIN,Easy,SCSS,6,pool_candidate,57dc51d3fc61562452b693c8af3314e24745f9ddc45b5212e62d6e95629e89dc,pinned_regeneration,True,ISCSS,5,491.48111685696006,191.48,311.71,3.5,2,4,1,0,0,0,0,0,0,0,0.0,0,100.0,17.69
geom_easy_SCSS_seed7,TRAIN,Easy,SCSS,7,pool_candidate,a3d241fa3c0c49a2671aa0c16a5837f41ac0fff746f67b420eed0977e5429705,pinned_regeneration,True,ISCSS,5,468.16547231961175,200.79,289.31,3.5,2,4,1,0,0,0,0,0,0,0,0.0,0,100.0,16.85
geom_easy_SCSS_seed10,TRAIN,Easy,SCSS,10,pool_candidate,3318bcb60ff2f6a6bf565b903154e376abad9a653b0f16f73bda92e96ed706e0,pinned_regeneration,True,ISCSS,5,361.4179806944263,157.94,255.71,3.5,2,4,1,0,0,0,0,0,0,0,0.0,0,100.0,13.01
geom_easy_SCSS_seed11,TRAIN,Easy,SCSS,11,pool_candidate,09b72e2424d42c18e892503b610a7fce1f65753516fee3ad3f6d79465a20aa1d,pinned_regeneration,True,ISCSS,5,399.93886233624966,196.14,250.5,3.5,2,4,1,0,0,0,0,0,0,0,0.0,0,100.0,14.4
geom_easy_SCSS_seed13,TRAIN,Easy,SCSS,13,pool_candidate,045626dd1cb38eed5e50dd9f50363d953753d7d2e4b2b512e30fbf8a55b96c96,pinned_regeneration,True,ISCSS,5,436.8867906524887,175.81,279.88,3.5,2,4,1,0,0,0,0,0,0,0,0.0,0,100.0,15.73
geom_easy_SCSS_seed14,TRAIN,Easy,SCSS,14,pool_candidate,3d6b6f84904a2986e75cce96603c6b6e4e24283ca16d527e4530e071b2935f62,pinned_regeneration,True,ISCSS,5,267.2857956080231,221.91,145.64,3.5,2,4,1,0,0,0,0,0,0,0,0.0,0,100.0,9.62
geom_easy_SCSS_seed15,TRAIN,Easy,SCSS,15,pool_candidate,d1ae30320ed6f0af02c7b83cc70d607dec31c012a85b4c27482e8f9e281d3a96,pinned_regeneration,True,ISCSS,5,298.17775584421116,220.83,181.12,3.5,2,4,1,0,0,0,0,0,0,0,0.0,0,100.0,10.73
geom_easy_SCSS_seed16,TRAIN,Easy,SCSS,16,pool_candidate,a2227871797561d8ffe3806eafdc14d799d101250fb775d90803fc900f24a4b6,pinned_regeneration,True,ISCSS,5,440.92426767244547,175.28,291.54,3.5,2,4,1,0,0,0,0,0,0,0,0.0,0,100.0,15.87
geom_easy_SCSS_seed18,TRAIN,Easy,SCSS,18,pool_candidate,38e304e7d4c97e9fc0ea21faade3f8982dcde2c38ca4afcde480cbe0aab281c2,pinned_regeneration,True,ISCSS,5,408.6472434760097,187.28,260.52,3.5,2,4,1,0,0,0,0,0,0,0,0.0,0,100.0,14.71
geom_easy_SCSS_seed19,TRAIN,Easy,SCSS,19,pool_candidate,b80f9e5c0ee4d573219feeb85e151eb3c6ae4ebae7feb4783db5a6ed23fa6b2b,pinned_regeneration,True,ISCSS,5,353.3065545461604,215.34,221.04,3.5,2,4,1,0,0,0,0,0,0,0,0.0,0,100.0,12.72
geom_easy_SCCS_seed0,TRAIN,Easy,SCCS,0,pool_candidate,df9c8bb722fc6517de55dc18838470b91ec43b89767ede19d93b72dc94674f9b,pinned_regeneration,True,ISCCS,5,585.8845678629121,227.86,211.41,3.5,2,3,2,0,0,0,0,0,0,0,0.0,0,100.0,21.09
geom_easy_SCCS_seed2,TRAIN,Easy,SCCS,2,pool_candidate,314a2830c26cf72879d740f97d450f1d657beeb050f602c1cbece838fd40d8f5,pinned_regeneration,True,ISCCS,5,349.4610596116287,155.24,191.55,3.5,2,3,2,0,0,0,0,0,0,0,0.0,0,100.0,12.58
geom_easy_SCCS_seed3,TRAIN,Easy,SCCS,3,pool_candidate,63cc884fe4ab7df2035db6e9ab3e08289f93caafd22304c7dbf71ab28ae6627e,pinned_regeneration,True,ISCCS,5,441.40147740540124,189.75,290.43,3.5,2,3,2,0,0,0,0,0,0,0,0.0,0,100.0,15.89
geom_easy_SCCS_seed4,TRAIN,Easy,SCCS,4,pool_candidate,20e119a6fbb08d4d289565f01bf1f548af3b9eac4a0678b289f4d890571d34a6,pinned_regeneration,True,ISCCS,5,600.5660907302947,247.14,207.38,3.5,2,3,2,0,0,0,0,0,0,0,0.0,0,100.0,21.62
geom_easy_SCCS_seed5,TRAIN,Easy,SCCS,5,pool_candidate,8a49b2e4fde67715b01a31b95e5b04026e693fcf0eb28bac99f9bb5b6f3b97cb,pinned_regeneration,True,ISCCS,5,474.56888261804954,190.32,305.51,3.5,2,3,2,0,0,0,0,0,0,0,0.0,0,100.0,17.08
geom_easy_SCCS_seed6,TRAIN,Easy,SCCS,6,pool_candidate,ef6f2e2470c423f2096b7dd6989b9984756691d3daa3a4f605764f924689595e,pinned_regeneration,True,ISCCS,5,640.436736994572,231.56,212.82,3.5,2,3,2,0,0,0,0,0,0,0,0.0,0,100.0,23.06
geom_easy_SCCS_seed7,TRAIN,Easy,SCCS,7,pool_candidate,e2eaaf9a46f93881efaef26acb10cb9cdf3b5852784a94eaac2f2b470401cf71,pinned_regeneration,True,ISCCS,5,505.15626889851086,233.4,315.93,3.5,2,3,2,0,0,0,0,0,0,0,0.0,0,100.0,18.19
geom_easy_SCCS_seed8,TRAIN,Easy,SCCS,8,pool_candidate,b9bf7f62dea5ae2a93d19b0ab206e1a4b109a8ffe5cd44047af6eb734e4dff3d,pinned_regeneration,True,ISCCS,5,280.5355337095444,164.42,161.7,3.5,2,3,2,0,0,0,0,0,0,0,0.0,0,100.0,10.1
geom_easy_SCCS_seed10,TRAIN,Easy,SCCS,10,pool_candidate,1b38f2bfcc8feb34cbc2f125c0651a872d676e0759fc5081e99636a09d9889c7,pinned_regeneration,True,ISCCS,5,460.0665694509129,211.98,196.04,3.5,2,3,2,0,0,0,0,0,0,0,0.0,0,100.0,16.56
geom_easy_SCCS_seed12,TRAIN,Easy,SCCS,12,pool_candidate,8809ec8f93b1970bcc783e800afc4953ac186abd19c3075e05486461a107c8b2,pinned_regeneration,True,ISCCS,5,437.41379604867325,197.94,281.35,3.5,2,3,2,0,0,0,0,0,0,0,0.0,0,100.0,15.75
geom_easy_SCCS_seed14,TRAIN,Easy,SCCS,14,pool_candidate,51ff2edb1b926cea7a8e3dbfc3682252863df8e284742753621919c9d1b4ceb5,pinned_regeneration,True,ISCCS,5,378.6023535362026,295.56,149.07,3.5,2,3,2,0,0,0,0,0,0,0,0.0,0,100.0,13.63
geom_easy_SCCS_seed15,TRAIN,Easy,SCCS,15,pool_candidate,5368d438b7598f2556fa51dc3c511b5f7a6eeb29b43cf14c936f7a3814a42448,pinned_regeneration,True,ISCCS,5,335.19549367619095,150.99,202.71,3.5,2,3,2,0,0,0,0,0,0,0,0.0,0,100.0,12.07
geom_easy_SCCS_seed16,TRAIN,Easy,SCCS,16,pool_candidate,87a63bc257046d800e4d9f4a75436fb5e1919cadf27aa06aeac1a077353fc04d,pinned_regeneration,True,ISCCS,5,574.2503939024584,235.53,210.34,3.5,2,3,2,0,0,0,0,0,0,0,0.0,0,100.0,20.67
geom_easy_SCCS_seed18,TRAIN,Easy,SCCS,18,pool_candidate,23e00106409deb440570b829c306491e2d5cb8187ee1d4f94b898c5cb9278bf7,pinned_regeneration,True,ISCCS,5,423.71294112469036,195.14,274.99,3.5,2,3,2,0,0,0,0,0,0,0,0.0,0,100.0,15.25
geom_easy_SCCS_seed19,TRAIN,Easy,SCCS,19,pool_candidate,e30180e8f3da10c3ed43501326293d6efac353a3c618cd22893ee204a6b42032,pinned_regeneration,True,ISCCS,5,507.68076715372115,371.58,164.56,3.5,2,3,2,0,0,0,0,0,0,0,0.0,0,100.0,18.28
geom_medium_SCXCS_seed0,TRAIN,Medium,SCXCS,0,pool_candidate,afa571795d37981fefdb30fc27e9f0f67141d4408754e95fc1453822c0d5454f,pinned_regeneration,True,ISCXCS,6,565.5836634156983,192.22,375.71,3.5,2,3,2,1,0,0,0,0,1,3,0.08,9,100.0,20.36
geom_medium_SCXCS_seed1,TRAIN,Medium,SCXCS,1,pool_candidate,b4ed88cf51c9430ac7df6e4160d04a5254516123908f4da8f22a2bd5df45a0c2,pinned_regeneration,True,ISCXCS,6,476.3308221869173,238.76,287.48,3.5,2,3,2,1,0,0,0,0,1,3,0.08,7,100.0,17.15
geom_medium_SCXCS_seed2,TRAIN,Medium,SCXCS,2,pool_candidate,692bfa6e6ecf8f52276f5e551bfd55c5279f21432f5bb57b7b72448dd6ef97d5,pinned_regeneration,True,ISCXCS,6,547.3193686710613,214.28,324.24,3.5,2,3,2,1,0,0,0,0,1,3,0.08,10,100.0,19.7
geom_medium_SCXCS_seed4,TRAIN,Medium,SCXCS,4,pool_candidate,f2c526fb18c27d7217a41e5ebc58c9f893d782f85bbb6da03d3d21078034699b,pinned_regeneration,True,ISCXCS,6,625.2322435787048,247.01,406.93,3.5,2,3,2,1,0,0,0,0,1,3,0.08,11,100.0,22.51
geom_medium_SCXCS_seed5,TRAIN,Medium,SCXCS,5,pool_candidate,2b7a706680fe176aa592406c0f72a4361b9deefcabd42917210542d2ca98c8ec,pinned_regeneration,True,ISCXCS,6,526.0765235911689,180.83,354.38,3.5,2,3,2,1,0,0,0,0,1,3,0.08,9,100.0,18.94
geom_medium_SCXCS_seed7,TRAIN,Medium,SCXCS,7,pool_candidate,31a6dcb76db2bac4429364e5e71c5768ddace473460e114bc24b27cc38d5b3c4,pinned_regeneration,True,ISCXCS,6,589.9083762496867,252.3,284.48,3.5,2,3,2,1,0,0,0,0,1,3,0.08,9,100.0,21.24
geom_medium_SCXCS_seed8,TRAIN,Medium,SCXCS,8,pool_candidate,a325e450cf9964dfde64f2cd78b7db226ff87091b3aa4afbdf870d73a10a6cb9,pinned_regeneration,True,ISCXCS,6,351.97056426426747,215.87,214.74,3.5,2,3,2,1,0,0,0,0,1,3,0.08,5,100.0,12.67
geom_medium_SCXCS_seed9,TRAIN,Medium,SCXCS,9,pool_candidate,a084cc872948d64dd52a35aed6eed8c49691e07aa371de93253465c9a80cccc8,pinned_regeneration,True,ISCXCS,6,494.7101291051493,309.97,229.2,3.5,2,3,2,1,0,0,0,0,1,3,0.08,8,100.0,17.81
geom_medium_SCXCS_seed10,TRAIN,Medium,SCXCS,10,pool_candidate,2494bf696b2f70a9013b95f63f6eb5dbb734582c6dc67cd204905e85e141f797,pinned_regeneration,True,ISCXCS,6,472.23092932948464,241.5,316.44,3.5,2,3,2,1,0,0,0,0,1,3,0.08,6,100.0,17.0
geom_medium_SCXCS_seed12,TRAIN,Medium,SCXCS,12,pool_candidate,bf6e80fcf0a9019be5203968ab16aff3b86c82105795c5f1d06b2b717ea283ff,pinned_regeneration,True,ISCXCS,6,527.9898480147599,188.62,360.38,3.5,2,3,2,1,0,0,0,0,1,3,0.08,8,100.0,19.01
geom_medium_SCXCS_seed13,TRAIN,Medium,SCXCS,13,pool_candidate,bc6ede7b70c0f4ceeb66e43d1b3d72889841dd2959def9164da10222b8dc967b,pinned_regeneration,True,ISCXCS,6,611.3861548192372,281.7,266.89,3.5,2,3,2,1,0,0,0,0,1,3,0.08,10,100.0,22.01
geom_medium_SCXCS_seed14,TRAIN,Medium,SCXCS,14,pool_candidate,281b1353d6ca897dda5c22baddabbb2d890860f22e7ff8e87c335f432ee5a426,pinned_regeneration,True,ISCXCS,6,365.76496969098724,199.73,242.24,3.5,2,3,2,1,0,0,0,0,1,3,0.08,4,100.0,13.17
geom_medium_SCXCS_seed15,TRAIN,Medium,SCXCS,15,pool_candidate,9a17d56922aad9773c2ed024654585609b1c1e715b3497c9ab867c14e547ce98,pinned_regeneration,True,ISCXCS,6,448.66196271362674,202.07,291.15,3.5,2,3,2,1,0,0,0,0,1,3,0.08,7,100.0,16.15
geom_medium_SCXCS_seed17,TRAIN,Medium,SCXCS,17,pool_candidate,5fcd1c87b147c0ad93d8659f97b5959c95ecb6f023cdb20c585506269bb62af4,pinned_regeneration,True,ISCXCS,6,397.2866036458317,228.21,130.28,3.5,2,3,2,1,0,0,0,0,1,3,0.08,6,100.0,14.3
geom_medium_SCXCS_seed19,TRAIN,Medium,SCXCS,19,pool_candidate,663c21536dfa286abbca08bf114ee0a2e01bc2d0a60267344554de85d53c2c5a,pinned_regeneration,True,ISCXCS,6,529.7953267658542,225.48,317.82,3.5,2,3,2,1,0,0,0,0,1,3,0.08,9,100.0,19.07
geom_medium_SCTCS_seed2,TRAIN,Medium,SCTCS,2,pool_candidate,07d3816c5f08bb08dd0de9838feacb2b12d43f8b64086c1ae2470a7fe403bb2c,pinned_regeneration,True,ISCTCS,6,547.3193686710613,214.28,324.24,3.5,2,3,2,0,1,0,0,0,1,2,0.08,9,100.0,19.7
geom_medium_SCTCS_seed3,TRAIN,Medium,SCTCS,3,pool_candidate,3f65df25249c38773300301786d4d2caf1a8df3baf2d08313601ce1997faeb99,pinned_regeneration,True,ISCTCS,6,618.9023924861845,179.38,391.21,3.5,2,3,2,0,1,0,0,0,1,2,0.08,9,100.0,22.28
geom_medium_SCTCS_seed5,TRAIN,Medium,SCTCS,5,pool_candidate,ec1131f7d49407ff8618f8b2ace7024ee02e09004e8a639d8261955d296a93a1,pinned_regeneration,True,ISCTCS,6,520.7778482904644,260.18,243.13,3.5,2,3,2,0,1,0,0,0,1,2,0.08,8,100.0,18.75
geom_medium_SCTCS_seed6,TRAIN,Medium,SCTCS,6,pool_candidate,a8b356ade91c0d2583ff15c136422c25e4dada4eb410a5f68ec3dd6db5278703,pinned_regeneration,True,ISCTCS,6,708.7596531963804,278.97,270.7,3.5,2,3,2,0,1,0,0,0,1,2,0.08,11,100.0,25.52
geom_medium_SCTCS_seed7,TRAIN,Medium,SCTCS,7,pool_candidate,74b0ef4136c82ff9652d4a9647f33cefe4616bc10d5229a8eac6700138232539,pinned_regeneration,True,ISCTCS,6,614.336192892718,205.41,400.32,3.5,2,3,2,0,1,0,0,0,1,2,0.08,9,100.0,22.12
geom_medium_SCTCS_seed8,TRAIN,Medium,SCTCS,8,pool_candidate,8dcef0ca397147d467fd1e81d592bdd155bf611dfbb2a4557caa9e59a75464d9,pinned_regeneration,True,ISCTCS,6,346.6718889635628,206.72,116.64,3.5,2,3,2,0,1,0,0,0,1,2,0.08,4,100.0,12.48
geom_medium_SCTCS_seed9,TRAIN,Medium,SCTCS,9,pool_candidate,9dbe4baf9f9ea786e6dcd297a06100064dc02cbd4a800ea218925d1eac88b294,pinned_regeneration,True,ISCTCS,6,489.2123419613672,227.3,239.27,3.5,2,3,2,0,1,0,0,0,1,2,0.08,7,100.0,17.61
geom_medium_SCTCS_seed10,TRAIN,Medium,SCTCS,10,pool_candidate,d1f0d402930972b18bcf2c5fbc1d9dfb55a37d132798ec3bb64960f41286361d,pinned_regeneration,True,ISCTCS,6,466.9322540287799,287.86,181.67,3.5,2,3,2,0,1,0,0,0,1,2,0.08,5,100.0,16.81
geom_medium_SCTCS_seed11,TRAIN,Medium,SCTCS,11,pool_candidate,6c16b289525e50691cc0414d100e028b490281ee1a797c4f3fc3498c1f38bf09,pinned_regeneration,True,ISCTCS,6,534.5464826637791,249.58,343.49,3.5,2,3,2,0,1,0,0,0,1,2,0.08,8,100.0,19.24
geom_medium_SCTCS_seed12,TRAIN,Medium,SCTCS,12,pool_candidate,fa2aee1e5621d472fa8f07828c29a2f5ca0db711ec75ca8dcee2e6c222f70722,pinned_regeneration,True,ISCTCS,6,500.49955801926495,285.6,239.36,3.5,2,3,2,0,1,0,0,0,1,2,0.08,7,100.0,18.02
geom_medium_SCTCS_seed13,TRAIN,Medium,SCTCS,13,pool_candidate,c4032c6365d8b900674fc655bc28f37140609b20e9bbfff11bd22a8a33339b8b,pinned_regeneration,True,ISCTCS,6,606.0874795185325,175.81,399.61,3.5,2,3,2,0,1,0,0,0,1,2,0.08,9,100.0,21.82
geom_medium_SCTCS_seed15,TRAIN,Medium,SCTCS,15,pool_candidate,7638c8769d7e530d4bce563d0b02a6e19210368eba46670e15daa2855db5551d,pinned_regeneration,True,ISCTCS,6,466.31615804682633,202.31,293.05,3.5,2,3,2,0,1,0,0,0,1,2,0.08,6,100.0,16.79
geom_medium_SCTCS_seed16,TRAIN,Medium,SCTCS,16,pool_candidate,762494a33fb9981f64901931942639e36b40a71859bbbd05ae129c6d9dd153a1,pinned_regeneration,True,ISCTCS,6,557.5918671474999,200.44,359.86,3.5,2,3,2,0,1,0,0,0,1,2,0.08,8,100.0,20.07
geom_medium_SCTCS_seed17,TRAIN,Medium,SCTCS,17,pool_candidate,7cce15f0a07a5d38b4907787c5eced92d160ee3d2ac16602224e3ff162eb4dac,pinned_regeneration,True,ISCTCS,6,391.78881650204954,339.1,127.04,3.5,2,3,2,0,1,0,0,0,1,2,0.08,5,100.0,14.1
geom_medium_SCTCS_seed18,TRAIN,Medium,SCTCS,18,pool_candidate,913e13f5c42b8ac2db7fc31c9f88f067fef733ad54744b79663cd72b248984ac,pinned_regeneration,True,ISCTCS,6,511.63779731218364,292.36,235.48,3.5,2,3,2,0,1,0,0,0,1,2,0.08,8,100.0,18.42
geom_medium_SCXCCS_seed0,TRAIN,Medium,SCXCCS,0,pool_candidate,66c3bfaaec42656edecc0ac161a9af79aacaeadd6ec6b032930089b0b22fe09b,pinned_regeneration,True,ISCXCCS,7,743.3455654661378,234.53,433.27,3.5,2,3,3,1,0,0,0,0,1,3,0.08,13,100.0,26.76
geom_medium_SCXCCS_seed1,TRAIN,Medium,SCXCCS,1,pool_candidate,8d28bd96746b1e24865ab8fb3f476e286c0e256325db932dacb95f17627c19aa,pinned_regeneration,True,ISCXCCS,7,691.6685864990731,332.92,250.21,3.5,2,3,3,1,0,0,0,0,1,3,0.08,11,100.0,24.9
geom_medium_SCXCCS_seed2,TRAIN,Medium,SCXCCS,2,pool_candidate,5def89893c6656ad3b47e78a1bdee02b7f3d61911fcd96158ea1f195738d8bb1,pinned_regeneration,True,ISCXCCS,7,737.2714088949057,281.37,291.6,3.5,2,3,3,1,0,0,0,0,1,3,0.08,14,100.0,26.54
geom_medium_SCXCCS_seed3,TRAIN,Medium,SCXCCS,3,pool_candidate,8b430c3492abec39ba137c091f903d0a59afca54507001bf076cd76539a5d242,pinned_regeneration,True,ISCXCCS,7,691.747857523199,304.15,373.62,3.5,2,3,3,1,0,0,0,0,1,3,0.08,12,100.0,24.9
geom_medium_SCXCCS_seed4,TRAIN,Medium,SCXCCS,4,pool_candidate,5246d21aeb044ebc8366282475dec0fcfe3876a0ba8292e0b061318e931a9649,pinned_regeneration,True,ISCXCCS,7,827.1387797157795,247.01,368.91,3.5,2,3,3,1,0,0,0,0,1,3,0.08,16,100.0,29.78
geom_medium_SCXCCS_seed5,TRAIN,Medium,SCXCCS,5,pool_candidate,b6fee9670fa9bca919713420220975ae98275a415f3fc5813256d5e14695ecf8,pinned_regeneration,True,ISCXCCS,7,598.0205697965737,200.79,339.74,3.5,2,3,3,1,0,0,0,0,1,3,0.08,10,100.0,21.53
geom_medium_SCXCCS_seed6,TRAIN,Medium,SCXCCS,6,pool_candidate,820dc75cc4119ee89229c863d96d5d023bb6cee747a7b0c7d47223160eb3884d,pinned_regeneration,True,ISCXCCS,7,586.1067783743489,223.71,287.44,3.5,2,3,3,1,0,0,0,0,1,3,0.08,9,100.0,21.1
geom_medium_SCXCCS_seed7,TRAIN,Medium,SCXCCS,7,pool_candidate,e2451285ac25c4b2f6989fd727ca5a28713ff578f469eced2e3d6b82b6253504,pinned_regeneration,True,ISCXCCS,7,790.1084000048693,352.54,247.16,3.5,2,3,3,1,0,0,0,0,1,3,0.08,14,100.0,28.44
geom_medium_SCXCCS_seed8,TRAIN,Medium,SCXCCS,8,pool_candidate,5854ac7cccd3bb98c0c8baecedf83b919d2574137837d57f8d9f56383c734e15,pinned_regeneration,True,ISCXCCS,7,478.6298578601861,215.87,198.11,3.5,2,3,3,1,0,0,0,0,1,3,0.08,7,100.0,17.23
geom_medium_SCXCCS_seed9,TRAIN,Medium,SCXCCS,9,pool_candidate,4dfaa43ba5b29ec443d80bd0e9f3bd69bc572a397df7b5445b2275db41a10695,pinned_regeneration,True,ISCXCCS,7,699.1406458573836,374.44,356.96,3.5,2,3,3,1,0,0,0,0,1,3,0.08,12,100.0,25.17
geom_medium_SCXCCS_seed10,TRAIN,Medium,SCXCCS,10,pool_candidate,5b852c2a54f6e77e197a1cc0cde7d68d618db8889ac1629bfad5f99877837f5f,pinned_regeneration,True,ISCXCCS,7,675.4909360745619,207.27,448.21,3.5,2,3,3,1,0,0,0,0,1,3,0.08,10,100.0,24.32
geom_medium_SCXCCS_seed12,TRAIN,Medium,SCXCCS,12,pool_candidate,db6aeef066cb6f91d2daa02156e017aeb9e5f550ccadc68f75398cfdce1850b7,pinned_regeneration,True,ISCXCCS,7,684.5121354363567,219.24,408.98,3.5,2,3,3,1,0,0,0,0,1,3,0.08,12,100.0,24.64
geom_medium_SCXCCS_seed14,TRAIN,Medium,SCXCCS,14,pool_candidate,e0ef4b4e05eeff1f370a220ea407c991ca405c10a917caea8b93f8a4170a5218,pinned_regeneration,True,ISCXCCS,7,551.6583185020688,379.42,260.33,3.5,2,3,3,1,0,0,0,0,1,3,0.08,8,100.0,19.86
geom_medium_SCXCCS_seed17,TRAIN,Medium,SCXCCS,17,pool_candidate,cdbe6998006b897903be0fb2060ab08ff4ad87131c873008ef8f708856ce11e6,pinned_regeneration,True,ISCXCCS,7,617.4144350650058,313.04,249.06,3.5,2,3,3,1,0,0,0,0,1,3,0.08,10,100.0,22.23
geom_medium_SCXCCS_seed19,TRAIN,Medium,SCXCCS,19,pool_candidate,eca36739e091370f54b7a756dc98339d1685f8d1e828977700288f524c203ee4,pinned_regeneration,True,ISCXCCS,7,605.9630820740456,225.48,392.09,3.5,2,3,3,1,0,0,0,0,1,3,0.08,11,100.0,21.81
geom_hard_SCXOCS_seed0,TRAIN,Hard,SCXOCS,0,pool_candidate,8d90dee7d34fb2f6e90572ec32897400af5f40ebac98f867bafec4bfc383680f,pinned_regeneration,True,ISCXOCS,7,619.7541922767041,302.21,330.22,3.5,2,3,2,1,0,1,0,0,2,6,0.15,26,100.0,22.31
geom_hard_SCXOCS_seed1,TRAIN,Hard,SCXOCS,1,pool_candidate,8ee69679e41ffed29c79bbeff2816c0cfd0aa1173f1c0321de2dc61441d77356,pinned_regeneration,True,ISCXOCS,7,640.1422291126037,323.43,216.12,3.5,2,3,2,1,0,1,0,0,2,6,0.15,27,100.0,23.05
geom_hard_SCXOCS_seed3,TRAIN,Hard,SCXOCS,3,pool_candidate,984a985086d612315692ae435d3ce4c9e219893b3b3ee7bb8f5d6bd366136298,pinned_regeneration,True,ISCXOCS,7,679.7519583866161,197.12,318.78,3.5,2,3,2,1,0,1,0,0,2,6,0.15,27,100.0,24.47
geom_hard_SCXOCS_seed4,TRAIN,Hard,SCXOCS,4,pool_candidate,c726bd6390d536f2ddae52b3294719d9a414e9f8cad9e10899c665d109f19c68,pinned_regeneration,True,ISCXOCS,7,829.8371179794465,465.51,285.89,3.5,2,3,2,1,0,1,0,0,2,6,0.15,30,100.0,29.87
geom_hard_SCXOCS_seed5,TRAIN,Hard,SCXOCS,5,pool_candidate,ce4cab83245174083a94b6a33423d17dbf067abdb6ff1cdb12eff5cf2078a7b0,pinned_regeneration,True,ISCXOCS,7,614.345018228086,309.57,325.84,3.5,2,3,2,1,0,1,0,0,2,6,0.15,25,100.0,22.12
geom_hard_SCXOCS_seed6,TRAIN,Hard,SCXOCS,6,pool_candidate,d3b658899cf73f6f3bbe735470617d470fb07963c4e67534529a64daf81359bf,pinned_regeneration,True,ISCXOCS,7,689.205362204865,347.52,245.37,3.5,2,3,2,1,0,1,0,0,2,6,0.15,28,100.0,24.81
geom_hard_SCXOCS_seed9,TRAIN,Hard,SCXOCS,9,pool_candidate,15b4994078a4a2bcfd05829dea791289092e68133b5db5b4dbfb7db58b164fd3,pinned_regeneration,True,ISCXOCS,7,738.917851919362,330.29,417.81,3.5,2,3,2,1,0,1,0,0,2,6,0.15,28,100.0,26.6
geom_hard_SCXOCS_seed10,TRAIN,Hard,SCXOCS,10,pool_candidate,04c6c7d9789a282926bc28d4273be9e113e432a1a2098ff9cc492001cfcd28c2,pinned_regeneration,True,ISCXOCS,7,714.0752156162841,304.96,371.48,3.5,2,3,2,1,0,1,0,0,2,6,0.15,27,100.0,25.71
geom_hard_SCXOCS_seed11,TRAIN,Hard,SCXOCS,11,pool_candidate,ab9f7bec7e9105c793a56d850fef09309529ebed877241a86b87252115b725c6,pinned_regeneration,True,ISCXOCS,7,685.3796805226312,233.62,323.58,3.5,2,3,2,1,0,1,0,0,2,6,0.15,25,100.0,24.67
geom_hard_SCXOCS_seed12,TRAIN,Hard,SCXOCS,12,pool_candidate,4601917e9ee31e2eafa17d055bdb752d5db5e411167b5ca6adf1da392d99dbd9,pinned_regeneration,True,ISCXOCS,7,589.1144854316906,269.97,324.48,3.5,2,3,2,1,0,1,0,0,2,6,0.15,24,100.0,21.21
geom_hard_SCXOCS_seed14,TRAIN,Hard,SCXOCS,14,pool_candidate,67408056cc71c30fbb9b81874e309fd2b728b9b69e65f71c7397305329d830b4,pinned_regeneration,True,ISCXOCS,7,560.8607917081072,279.26,262.38,3.5,2,3,2,1,0,1,0,0,2,6,0.15,22,100.0,20.19
geom_hard_SCXOCS_seed15,TRAIN,Hard,SCXOCS,15,pool_candidate,18f6de87c2938019c6f96ee001e707a0ff4c5b9005282f3299b7cd240ae9900f,pinned_regeneration,True,ISCXOCS,7,661.8956628267651,367.14,201.64,3.5,2,3,2,1,0,1,0,0,2,6,0.15,25,100.0,23.83
geom_hard_SCXOCS_seed16,TRAIN,Hard,SCXOCS,16,pool_candidate,75dc56580f043f2494cb5ad2d0ac77cd2e57f3758ba9f4fb9c47f097a9d3c0fd,pinned_regeneration,True,ISCXOCS,7,569.5635921487712,265.77,400.65,3.5,2,3,2,1,0,1,0,0,2,6,0.15,23,100.0,20.5
geom_hard_SCXOCS_seed18,TRAIN,Hard,SCXOCS,18,pool_candidate,c5b4e1bb9a6fa5bb5fc4fb72f6810b0a626f2dae33a60192dbad7752d9612a01,pinned_regeneration,True,ISCXOCS,7,633.4926243061892,272.3,352.42,3.5,2,3,2,1,0,1,0,0,2,6,0.15,26,100.0,22.81
geom_hard_SCXOCS_seed19,TRAIN,Hard,SCXOCS,19,pool_candidate,991243c49fa50e6cb4f3a7731c06dc219e2c8bfb4842df0c1588cebea8bf2e74,pinned_regeneration,True,ISCXOCS,7,567.8883162195084,322.33,197.9,3.5,2,3,2,1,0,1,0,0,2,6,0.15,22,100.0,20.44
geom_hard_SCTXrCS_seed2,TRAIN,Hard,SCTXrCS,2,pool_candidate,84cc4ae49427ce5cde984c58a3f68d261abbd791768ac9aa79d5b44f22f08218,pinned_regeneration,True,ISCTXrCS,8,735.9785106924286,363.16,403.13,3.5,2,3,2,1,1,0,1,0,3,6,0.15,27,100.0,26.5
geom_hard_SCTXrCS_seed3,TRAIN,Hard,SCTXrCS,3,pool_candidate,0bf830b995b428973e60f7b5297b629a141bc442d27586cd2dd0e554b9f22dbc,pinned_regeneration,True,ISCTXrCS,8,813.0046401114523,343.18,435.27,3.5,2,3,2,1,1,0,1,0,3,6,0.15,30,100.0,29.27
geom_hard_SCTXrCS_seed4,TRAIN,Hard,SCTXrCS,4,pool_candidate,fada8870cc2ead3ce7fd9b321fc45e9676ba00a0b32ec33fc9d1bb96d7ea49c5,pinned_regeneration,True,ISCTXrCS,8,871.1613845211086,328.17,485.16,3.5,2,3,2,1,1,0,1,0,3,6,0.15,32,100.0,31.36
geom_hard_SCTXrCS_seed5,TRAIN,Hard,SCTXrCS,5,pool_candidate,4b46b5fb854e2d3c6370897165d3b8a6fc2f8ff839667ff2a1be2f7e6077b0c1,pinned_regeneration,True,ISCTXrCS,8,744.4384702851415,209.05,519.38,3.5,2,3,2,1,1,0,1,0,3,6,0.15,27,100.0,26.8
geom_hard_SCTXrCS_seed7,TRAIN,Hard,SCTXrCS,7,pool_candidate,6e82da7fed4650d09c37f1382af42745f687f47dde64f2f93ee2bea02c6a21d7,pinned_regeneration,True,ISCTXrCS,8,762.0875424469084,242.78,524.47,3.5,2,3,2,1,1,0,1,0,3,6,0.15,29,100.0,27.44
geom_hard_SCTXrCS_seed8,TRAIN,Hard,SCTXrCS,8,pool_candidate,f300ea7098269d818d8caa9e34abccc732a5fe4aa04d493e1899c9a104a94e7e,pinned_regeneration,True,ISCTXrCS,8,732.7159995382575,271.95,390.76,3.5,2,3,2,1,1,0,1,0,3,6,0.15,26,100.0,26.38
geom_hard_SCTXrCS_seed10,TRAIN,Hard,SCTXrCS,10,pool_candidate,4ccd848fa6233e902347f9c10ca0f239dfed4e1e4729a62547a76134141c40a0,pinned_regeneration,True,ISCTXrCS,8,809.1510551245967,464.61,425.3,3.5,2,3,2,1,1,0,1,0,3,6,0.15,29,100.0,29.13
geom_hard_SCTXrCS_seed11,TRAIN,Hard,SCTXrCS,11,pool_candidate,917014a321fbffd02aef34c375cdbc7f1a900922e97dcee2d9cea3904275fd86,pinned_regeneration,True,ISCTXrCS,8,706.8363348798724,210.4,525.37,3.5,2,3,2,1,1,0,1,0,3,6,0.15,25,100.0,25.45
geom_hard_SCTXrCS_seed12,TRAIN,Hard,SCTXrCS,12,pool_candidate,aae51113ae21007b6c00072495db9ea92d933012bb55a2eb3c59840fc3529815,pinned_regeneration,True,ISCTXrCS,8,807.48331555424,389.43,485.91,3.5,2,3,2,1,1,0,1,0,3,6,0.15,29,100.0,29.07
geom_hard_SCTXrCS_seed13,TRAIN,Hard,SCTXrCS,13,pool_candidate,6a10dceecff6119d87ee158263659b159de595ff862eac738877b2424f555ccc,pinned_regeneration,True,ISCTXrCS,8,700.7618493472214,281.32,308.2,3.5,2,3,2,1,1,0,1,0,3,6,0.15,25,100.0,25.23
geom_hard_SCTXrCS_seed15,TRAIN,Hard,SCTXrCS,15,pool_candidate,d9fb18c962685e99fe1e48dca40cb764c67596c78305c2b8b8423faea2736b2b,pinned_regeneration,True,ISCTXrCS,8,612.0768891128561,392.47,228.19,3.5,2,3,2,1,1,0,1,0,3,6,0.15,22,100.0,22.03
geom_hard_SCTXrCS_seed16,TRAIN,Hard,SCTXrCS,16,pool_candidate,27aa40c4bc9b516fc9ea480ec87df4c66e414820d5a7b3190faeb6770507d235,pinned_regeneration,True,ISCTXrCS,8,802.8895463252293,274.33,527.64,3.5,2,3,2,1,1,0,1,0,3,6,0.15,29,100.0,28.9
geom_hard_SCTXrCS_seed17,TRAIN,Hard,SCTXrCS,17,pool_candidate,0c8ed04d4d52511bed168e1ec54ce174e8c34eeff1ba8b8afd7335fd6cae7658,pinned_regeneration,True,ISCTXrCS,8,636.5144499805705,546.43,199.04,3.5,2,3,2,1,1,0,1,0,3,6,0.15,23,100.0,22.91
geom_hard_SCTXrCS_seed18,TRAIN,Hard,SCTXrCS,18,pool_candidate,3fbc8da36c301f6281a1d80e00237749f55fb910663119454943acc10c04e397,pinned_regeneration,True,ISCTXrCS,8,814.8482007419084,339.88,422.01,3.5,2,3,2,1,1,0,1,0,3,6,0.15,31,100.0,29.33
geom_hard_SCTXrCS_seed19,TRAIN,Hard,SCTXrCS,19,pool_candidate,96823e6ec8a0697da7ae775264f71cfb79cf6bb94fa0f2f98c714181cfe6d08c,pinned_regeneration,True,ISCTXrCS,8,630.6474184290591,300.96,367.94,3.5,2,3,2,1,1,0,1,0,3,6,0.15,23,100.0,22.7
geom_hard_XTOCS_seed0,TRAIN,Hard,XTOCS,0,pool_candidate,ffb3ce5f655174fad30b5145dfdb3fae4fd7944d3f96c20579076c517fc5e2b3,pinned_regeneration,True,IXTOCS,6,397.8665188232537,221.9,317.38,3.5,2,2,1,1,1,1,0,0,3,8,0.15,15,100.0,14.32
geom_hard_XTOCS_seed1,TRAIN,Hard,XTOCS,1,pool_candidate,4557e13428079f44a419167efcc028cfe7e759b72088afeb240dc28de000953e,pinned_regeneration,True,IXTOCS,6,493.15444059804645,269.73,268.39,3.5,2,2,1,1,1,1,0,0,3,8,0.15,20,100.0,17.75
geom_hard_XTOCS_seed2,TRAIN,Hard,XTOCS,2,pool_candidate,eae1089c2a32426e1f2e3e77a13fae5f621a964f43463770c47bfc4c37d2330e,pinned_regeneration,True,IXTOCS,6,524.0669001643275,198.89,286.32,3.5,2,2,1,1,1,1,0,0,3,8,0.15,17,100.0,18.87
geom_hard_XTOCS_seed3,TRAIN,Hard,XTOCS,3,pool_candidate,b75c611176b5745daf45ee45206cec34e13e2cb51bc4b193423bdcd7cf209918,pinned_regeneration,True,IXTOCS,6,435.4636876121082,234.93,314.51,3.5,2,2,1,1,1,1,0,0,3,8,0.15,15,100.0,15.68
geom_hard_XTOCS_seed5,TRAIN,Hard,XTOCS,5,pool_candidate,f79d23261dc038d3b08ac263e8d33b772e168d76124fe8b0e05d14cfde62c3f1,pinned_regeneration,True,IXTOCS,6,482.7396005743738,256.25,261.64,3.5,2,2,1,1,1,1,0,0,3,8,0.15,18,100.0,17.38
geom_hard_XTOCS_seed6,TRAIN,Hard,XTOCS,6,pool_candidate,ccf9eacd17b11a1758ce3a87f2b5ffd73a7105affb783cbf7e1e885a10059b7e,pinned_regeneration,True,IXTOCS,6,471.99125943814755,193.03,390.1,3.5,2,2,1,1,1,1,0,0,3,8,0.15,17,100.0,16.99
geom_hard_XTOCS_seed7,TRAIN,Hard,XTOCS,7,pool_candidate,016ba23e9d78378246d2c207f20039247200da4f59cd6391b0227b9c359b15f0,pinned_regeneration,True,IXTOCS,6,551.3985912469726,294.6,276.08,3.5,2,2,1,1,1,1,0,0,3,8,0.15,22,100.0,19.85
geom_hard_XTOCS_seed8,TRAIN,Hard,XTOCS,8,pool_candidate,a4b01a018b46c18698c862c1c6ca9008943ecb92abf83c04a69cea698fe7c028,pinned_regeneration,True,IXTOCS,6,419.72562339300373,297.19,193.86,3.5,2,2,1,1,1,1,0,0,3,8,0.15,14,100.0,15.11
geom_hard_XTOCS_seed10,TRAIN,Hard,XTOCS,10,pool_candidate,87cdba031e157a8cae7129f78175b5a4ae8fee366b8f08effb0b2368d095f963,pinned_regeneration,True,IXTOCS,6,612.2809783478274,278.5,368.87,3.5,2,2,1,1,1,1,0,0,3,8,0.15,21,100.0,22.04
geom_hard_XTOCS_seed11,TRAIN,Hard,XTOCS,11,pool_candidate,5784107456e025a8c9d9f72bd7f9a1b17eb474fc0267948f31432084a3b472c8,pinned_regeneration,True,IXTOCS,6,420.42799498727106,214.0,275.68,3.5,2,2,1,1,1,1,0,0,3,8,0.15,16,100.0,15.14
geom_hard_XTOCS_seed12,TRAIN,Hard,XTOCS,12,pool_candidate,d9125e89babdf51445d99e9492d57d8592018d1d62eab14452f64afe98ccf557,pinned_regeneration,True,IXTOCS,6,440.4058326444199,207.33,296.12,3.5,2,2,1,1,1,1,0,0,3,8,0.15,16,100.0,15.85
geom_hard_XTOCS_seed13,TRAIN,Hard,XTOCS,13,pool_candidate,2ac866e43e42502a0af002bee910141feb4d88ad7041cea77343ff81104b35ce,pinned_regeneration,True,IXTOCS,6,527.1938477003262,291.69,262.77,3.5,2,2,1,1,1,1,0,0,3,8,0.15,20,100.0,18.98
geom_hard_XTOCS_seed15,TRAIN,Hard,XTOCS,15,pool_candidate,8c19943e2d3831868a35abe5d432c1a0fc595965b53b8abe2f0c3fdf952c4de9,pinned_regeneration,True,IXTOCS,6,609.1907488175224,378.2,217.07,3.5,2,2,1,1,1,1,0,0,3,8,0.15,21,100.0,21.93
geom_hard_XTOCS_seed16,TRAIN,Hard,XTOCS,16,pool_candidate,0c83c5fc4a0e8e95b8229591e64844474acf399c6cf47f4facd5f92567493663,pinned_regeneration,True,IXTOCS,6,587.3086664592962,215.26,414.4,3.5,2,2,1,1,1,1,0,0,3,8,0.15,20,100.0,21.14
geom_hard_XTOCS_seed17,TRAIN,Hard,XTOCS,17,pool_candidate,32032c49a2685033647356657da7344ad23ee87948d67c5a41316ff046957737,pinned_regeneration,True,IXTOCS,6,659.0222523544045,372.22,234.97,3.5,2,2,1,1,1,1,0,0,3,8,0.15,22,100.0,23.72
geom_extreme_CrXROSTR_seed0,TRAIN,Extreme,CrXROSTR,0,pool_candidate,7c392abe573ca9823069ef1f88680be6222a9f6b6b6a9d8a065e270cc560db93,pinned_regeneration,True,ICrXROSTR,9,1062.3575652657605,327.4,624.02,3.5,2,2,1,1,1,1,3,0,6,11,0.25,74,100.0,38.24
geom_extreme_CrXROSTR_seed1,TRAIN,Extreme,CrXROSTR,1,pool_candidate,e3708d0406ed0df4be57706a90a98775429051df4df63a07eff8f7056f1303b0,pinned_regeneration,True,ICrXROSTR,9,1047.4379856748862,376.86,512.82,3.5,2,2,1,1,1,1,3,0,6,11,0.25,71,100.0,37.71
geom_extreme_CrXROSTR_seed2,TRAIN,Extreme,CrXROSTR,2,pool_candidate,7192bb15f0104f6480c81e8a526ef05e48f11b48010d65acd55fe35d16e4ecdf,pinned_regeneration,True,ICrXROSTR,9,871.7251834144977,593.55,432.57,3.5,2,2,1,1,1,1,3,0,6,11,0.25,63,100.0,31.38
geom_extreme_CrXROSTR_seed3,TRAIN,Extreme,CrXROSTR,3,pool_candidate,333dc27d0597fa9560f5df63c703ec58ac8ad76efa5b5ed258764d35e9feb784,pinned_regeneration,True,ICrXROSTR,9,837.8295281179321,446.19,607.72,3.5,2,2,1,1,1,1,3,0,6,11,0.25,63,100.0,30.16
geom_extreme_CrXROSTR_seed4,TRAIN,Extreme,CrXROSTR,4,pool_candidate,312533ca14cb4faa2788143a053847e190c0e1b8a4094740d59d641b645a0b1b,pinned_regeneration,True,ICrXROSTR,9,991.2928941187618,495.09,527.24,3.5,2,2,1,1,1,1,3,0,6,11,0.25,73,100.0,35.69
geom_extreme_CrXROSTR_seed7,TRAIN,Extreme,CrXROSTR,7,pool_candidate,41ab823dee931bee920dc27effe737a953d00a5365f0db165fb9aa7c409f44a5,pinned_regeneration,True,ICrXROSTR,9,972.6068564215827,419.16,445.68,3.5,2,2,1,1,1,1,3,0,6,11,0.25,75,100.0,35.01
geom_extreme_CrXROSTR_seed8,TRAIN,Extreme,CrXROSTR,8,pool_candidate,7dd82b46a4c8f963754b8b9ff089079a62d7d237eb70c95013554f1c6cea3d80,pinned_regeneration,True,ICrXROSTR,9,828.1292022643737,322.6,648.67,3.5,2,2,1,1,1,1,3,0,6,11,0.25,61,100.0,29.81
geom_extreme_CrXROSTR_seed9,TRAIN,Extreme,CrXROSTR,9,pool_candidate,f146750769563b9c387adf19c8e6af7cf647b4de6fdb1b7a8b9ead700361a174,pinned_regeneration,True,ICrXROSTR,9,952.2289964724587,664.58,389.22,3.5,2,2,1,1,1,1,3,0,6,11,0.25,69,100.0,34.28
geom_extreme_CrXROSTR_seed11,TRAIN,Extreme,CrXROSTR,11,pool_candidate,57641f93a85d77871c482a055b6717afbc0aad5f8d58f8a89fa23df6f64e6c84,pinned_regeneration,True,ICrXROSTR,9,999.9197375603616,602.73,412.56,3.5,2,2,1,1,1,1,3,0,6,11,0.25,73,100.0,36.0
geom_extreme_CrXROSTR_seed13,TRAIN,Extreme,CrXROSTR,13,pool_candidate,a4885e87cfdea27f7d155457a4c3c8de8fb3b0703c58d8f771d2db36a1ea91ad,pinned_regeneration,True,ICrXROSTR,9,864.9558010381429,276.65,774.73,3.5,2,2,1,1,1,1,3,0,6,11,0.25,64,100.0,31.14
geom_extreme_CrXROSTR_seed14,TRAIN,Extreme,CrXROSTR,14,pool_candidate,badccf440906f18166e8c680c9cf5e41913535cc8876f211ef1e33f35241be46,pinned_regeneration,True,ICrXROSTR,9,752.0255700532354,478.78,402.31,3.5,2,2,1,1,1,1,3,0,6,11,0.25,57,100.0,27.07
geom_extreme_CrXROSTR_seed15,TRAIN,Extreme,CrXROSTR,15,pool_candidate,0d2cf498de4ce8248a6becb9a95b71244b14df5067b425db0c449e31e2af79bc,pinned_regeneration,True,ICrXROSTR,9,858.1704977879077,474.44,370.18,3.5,2,2,1,1,1,1,3,0,6,11,0.25,61,100.0,30.89
geom_extreme_CrXROSTR_seed16,TRAIN,Extreme,CrXROSTR,16,pool_candidate,9ef57ada5ca897590dbc56c4e2fe4f14ae0257af6c9624826541996a4699adbe,pinned_regeneration,True,ICrXROSTR,9,865.3381140211673,576.82,382.01,3.5,2,2,1,1,1,1,3,0,6,11,0.25,64,100.0,31.15
geom_extreme_CrXROSTR_seed17,TRAIN,Extreme,CrXROSTR,17,pool_candidate,1bc16f716f9758795574deae5bc54b5b69b80e66ff3b6bf6cd57c97fb9677e91,pinned_regeneration,True,ICrXROSTR,9,972.6739942296193,346.48,462.95,3.5,2,2,1,1,1,1,3,0,6,11,0.25,68,100.0,35.02
geom_extreme_CrXROSTR_seed18,TRAIN,Extreme,CrXROSTR,18,pool_candidate,a4cf86a50429d7f33c48277a0c7d804cf88bc9521e23305c5f5cb40ea720edf6,pinned_regeneration,True,ICrXROSTR,9,905.9487166186461,390.59,628.94,3.5,2,2,1,1,1,1,3,0,6,11,0.25,69,100.0,32.61
geom_extreme_SCXOCrTYCS_seed0,TRAIN,Extreme,SCXOCrTYCS,0,pool_candidate,73fb061319d5754a8cde93d461ffa06a61ad79f22fd775538caffe57e5782e34,pinned_regeneration,True,ISCXOCrTYCS,11,971.1272681542479,441.65,465.44,3.5,2,3,3,1,1,1,1,1,5,10,0.25,78,100.0,34.96
geom_extreme_SCXOCrTYCS_seed1,TRAIN,Extreme,SCXOCrTYCS,1,pool_candidate,f336e636169f25dd759a568c7c334d9daa901f2c6605e17b408f893de0422816,pinned_regeneration,True,ISCXOCrTYCS,11,967.7901972236214,391.83,450.65,3.5,2,3,3,1,1,1,1,1,5,10,0.25,73,100.0,34.84
geom_extreme_SCXOCrTYCS_seed2,TRAIN,Extreme,SCXOCrTYCS,2,pool_candidate,35d898b819e3299bddf5316b67b8af30e4030e45cad9f07b644e65d4b7d5fb79,pinned_regeneration,True,ISCXOCrTYCS,11,1053.4676312984122,286.7,472.24,3.5,2,3,3,1,1,1,1,1,5,10,0.25,76,100.0,37.92
geom_extreme_SCXOCrTYCS_seed3,TRAIN,Extreme,SCXOCrTYCS,3,pool_candidate,7dabe7cf4fd252ee4bb6bdbb5b959051e26ea293b110ffc682dae774f3fc164c,pinned_regeneration,True,ISCXOCrTYCS,11,993.317786825293,593.93,376.24,3.5,2,3,3,1,1,1,1,1,5,10,0.25,80,100.0,35.76
geom_extreme_SCXOCrTYCS_seed4,TRAIN,Extreme,SCXOCrTYCS,4,pool_candidate,2f1d7329b4c6ab20b85a6e15a7035439d72745fddb9e356e8acf70b5773055af,pinned_regeneration,True,ISCXOCrTYCS,11,1288.7447998747757,732.57,432.46,3.5,2,3,3,1,1,1,1,1,5,10,0.25,90,100.0,46.39
geom_extreme_SCXOCrTYCS_seed5,TRAIN,Extreme,SCXOCrTYCS,5,pool_candidate,3b2124bbc74c76fcafcc2060c61a3f7f6bb3a3e72f185aebc753a5e96c06412c,pinned_regeneration,True,ISCXOCrTYCS,11,1065.306428146189,457.67,361.51,3.5,2,3,3,1,1,1,1,1,5,10,0.25,87,100.0,38.35
geom_extreme_SCXOCrTYCS_seed6,TRAIN,Extreme,SCXOCrTYCS,6,pool_candidate,56f0562413dcc72cbf118d5756ad5e7f8148221983e305a9d4a42f11cdb2e05f,pinned_regeneration,True,ISCXOCrTYCS,11,1048.7179056555794,538.88,371.15,3.5,2,3,3,1,1,1,1,1,5,10,0.25,76,100.0,37.75
geom_extreme_SCXOCrTYCS_seed7,TRAIN,Extreme,SCXOCrTYCS,7,pool_candidate,a0f6d2d4eba464351debd7181bf9433a3ea48f204778c5271a6b390922a54008,pinned_regeneration,True,ISCXOCrTYCS,11,1113.6677011178676,546.46,389.99,3.5,2,3,3,1,1,1,1,1,5,10,0.25,81,100.0,40.09
geom_extreme_SCXOCrTYCS_seed8,TRAIN,Extreme,SCXOCrTYCS,8,pool_candidate,cd51df4eabbb68b989bcd99843e3c43d408aee7e0e0c8110cec767b695c2c066,pinned_regeneration,True,ISCXOCrTYCS,11,1015.5586263518436,406.33,279.45,3.5,2,3,3,1,1,1,1,1,5,10,0.25,74,100.0,36.56
geom_extreme_SCXOCrTYCS_seed9,TRAIN,Extreme,SCXOCrTYCS,9,pool_candidate,12a3fcfebfaba918db19fad9550634c2a9e7f87c77add11a605e15ad7c375f40,pinned_regeneration,True,ISCXOCrTYCS,11,1080.1594840322923,421.38,492.43,3.5,2,3,3,1,1,1,1,1,5,10,0.25,83,100.0,38.89
geom_extreme_SCXOCrTYCS_seed10,TRAIN,Extreme,SCXOCrTYCS,10,pool_candidate,3d95b8c61799d967493663ff64f82247c55d5522eb628f99a10a31e002db48b0,pinned_regeneration,True,ISCXOCrTYCS,11,1034.42111037779,419.91,378.21,3.5,2,3,3,1,1,1,1,1,5,10,0.25,74,100.0,37.24
geom_extreme_SCXOCrTYCS_seed12,TRAIN,Extreme,SCXOCrTYCS,12,pool_candidate,95906a225ee2e691fef8492f345c003b2b8fc4971ae7e6bab3e6b1021de5efa7,pinned_regeneration,True,ISCXOCrTYCS,11,1071.2143247859387,409.95,366.12,3.5,2,3,3,1,1,1,1,1,5,10,0.25,82,100.0,38.56
geom_extreme_SCXOCrTYCS_seed13,TRAIN,Extreme,SCXOCrTYCS,13,pool_candidate,4aeeecbd41512d40e59ba66ee868e54a7c37305fc285533b6cb97bea34970d6e,pinned_regeneration,True,ISCXOCrTYCS,11,1218.500889810644,555.79,383.91,3.5,2,3,3,1,1,1,1,1,5,10,0.25,94,100.0,43.87
geom_extreme_SCXOCrTYCS_seed14,TRAIN,Extreme,SCXOCrTYCS,14,pool_candidate,f3524fcc947c48987af47d9e2da32098656d8670e9fe92fa5accc39752b986af,pinned_regeneration,True,ISCXOCrTYCS,11,884.8720542287479,424.2,334.98,3.5,2,3,3,1,1,1,1,1,5,10,0.25,66,100.0,31.86
geom_extreme_SCXOCrTYCS_seed15,TRAIN,Extreme,SCXOCrTYCS,15,pool_candidate,a6c84a855163064d93d9d78c865d3c0e3f305ab5020b4bb12548beb4a7bb1f33,pinned_regeneration,True,ISCXOCrTYCS,11,1031.4270371932735,638.85,335.91,3.5,2,3,3,1,1,1,1,1,5,10,0.25,71,100.0,37.13
geom_extreme_SCTXORyCCS_seed0,TRAIN,Extreme,SCTXORyCCS,0,pool_candidate,886a6ddc9850cb56b8d27ee1b17704e02add3e40f6040708cdbf492b470e35b2,pinned_regeneration,True,ISCTXORyCCS,11,1142.6763157250743,587.04,435.57,3.5,2,3,3,1,1,1,1,1,5,10,0.25,67,100.0,41.14
geom_extreme_SCTXORyCCS_seed1,TRAIN,Extreme,SCTXORyCCS,1,pool_candidate,d93b633ea3d967c1684c85f800f2b3776f1f7898e648bf38bb4f719306ab3d87,pinned_regeneration,True,ISCTXORyCCS,11,918.774281117766,428.42,505.51,3.5,2,3,3,1,1,1,1,1,5,10,0.25,48,100.0,33.08
geom_extreme_SCTXORyCCS_seed2,TRAIN,Extreme,SCTXORyCCS,2,pool_candidate,c6103a3d63559ccee289c6ff51b88a2700a1e9eb1622ddd18dd920e42e5e82cb,pinned_regeneration,True,ISCTXORyCCS,11,990.694090642006,722.32,279.56,3.5,2,3,3,1,1,1,1,1,5,10,0.25,49,100.0,35.66
geom_extreme_SCTXORyCCS_seed5,TRAIN,Extreme,SCTXORyCCS,5,pool_candidate,f6811b8169ef9ef884ef2e8d56d24937f739af0307f8ad2cbe2086314b3cd57e,pinned_regeneration,True,ISCTXORyCCS,11,981.855487671395,325.25,448.81,3.5,2,3,3,1,1,1,1,1,5,10,0.25,62,100.0,35.35
geom_extreme_SCTXORyCCS_seed6,TRAIN,Extreme,SCTXORyCCS,6,pool_candidate,5f1b3f962d202f45df734980bc511eedcbd0824d8285419dfb90e96549b2db0b,pinned_regeneration,True,ISCTXORyCCS,11,1023.196172282024,321.05,608.36,3.5,2,3,3,1,1,1,1,1,5,10,0.25,61,100.0,36.84
geom_extreme_SCTXORyCCS_seed7,TRAIN,Extreme,SCTXORyCCS,7,pool_candidate,971cc4e7f0638401f84feae25f7fd9fbc9ae41bb7bbe8766d6f51a9e1b737d6d,pinned_regeneration,True,ISCTXORyCCS,11,953.5160375450814,409.19,397.63,3.5,2,3,3,1,1,1,1,1,5,10,0.25,63,100.0,34.33
geom_extreme_SCTXORyCCS_seed8,TRAIN,Extreme,SCTXORyCCS,8,pool_candidate,cdc3c573e32357cb019d5a25d7e30595d87d5ce676aa396f1883517ba2bdffdd,pinned_regeneration,True,ISCTXORyCCS,11,1073.9205486436126,467.81,261.68,3.5,2,3,3,1,1,1,1,1,5,10,0.25,59,100.0,38.66
geom_extreme_SCTXORyCCS_seed9,TRAIN,Extreme,SCTXORyCCS,9,pool_candidate,1207c93b1b04245971e817938ed55281a624d0ac2e9c39d4fff3a4900ba80198,pinned_regeneration,True,ISCTXORyCCS,11,1038.9384251457818,320.75,426.97,3.5,2,3,3,1,1,1,1,1,5,10,0.25,60,100.0,37.4
geom_extreme_SCTXORyCCS_seed11,TRAIN,Extreme,SCTXORyCCS,11,pool_candidate,2c5dcca84146247bd9be8477d08a01af8c504ae9232ff4c41057e2e082940e29,pinned_regeneration,True,ISCTXORyCCS,11,926.9436729172799,403.59,436.58,3.5,2,3,3,1,1,1,1,1,5,10,0.25,59,100.0,33.37
geom_extreme_SCTXORyCCS_seed12,TRAIN,Extreme,SCTXORyCCS,12,pool_candidate,fbde417aea76b9524bd11566e0b368c127de3728207e1aac7cfca1a06b2825b6,pinned_regeneration,True,ISCTXORyCCS,11,1003.2893755895004,446.05,493.51,3.5,2,3,3,1,1,1,1,1,5,10,0.25,61,100.0,36.12
geom_extreme_SCTXORyCCS_seed13,TRAIN,Extreme,SCTXORyCCS,13,pool_candidate,4f7c49dc898a5a8af5f85bd2cc9e2b5aaf208c953b74208f81a709b15ae3cb9e,pinned_regeneration,True,ISCTXORyCCS,11,1142.5120990524256,425.51,566.26,3.5,2,3,3,1,1,1,1,1,5,10,0.25,68,100.0,41.13
geom_extreme_SCTXORyCCS_seed14,TRAIN,Extreme,SCTXORyCCS,14,pool_candidate,d854980b795dd5c07d3f2a65e2cc48786d783228bdcab45e92582140434979e9,pinned_regeneration,True,ISCTXORyCCS,11,895.8654705445088,367.37,628.11,3.5,2,3,3,1,1,1,1,1,5,10,0.25,55,100.0,32.25
geom_extreme_SCTXORyCCS_seed16,TRAIN,Extreme,SCTXORyCCS,16,pool_candidate,e2e1c25eb2272fed2f6ab954a6a4e3b61c28941f0672519e5fe13679d990bf06,pinned_regeneration,True,ISCTXORyCCS,11,1153.548826723453,341.35,525.65,3.5,2,3,3,1,1,1,1,1,5,10,0.25,70,100.0,41.53
geom_extreme_SCTXORyCCS_seed17,TRAIN,Extreme,SCTXORyCCS,17,pool_candidate,2be3195fd9a9632c8825c6a5be9e0ba62a059cd75be9dc49c548acc4c018c5da,pinned_regeneration,True,ISCTXORyCCS,11,956.4109283569595,478.87,400.29,3.5,2,3,3,1,1,1,1,1,5,10,0.25,55,100.0,34.43
geom_extreme_SCTXORyCCS_seed19,TRAIN,Extreme,SCTXORyCCS,19,pool_candidate,7ad25d1fa947ee00b36034ca6ea47094cbd3e90bf21dc4215d1886c3ce999a7c,pinned_regeneration,True,ISCTXORyCCS,11,943.4656044072226,413.43,615.14,3.5,2,3,3,1,1,1,1,1,5,10,0.25,48,100.0,33.96
