progress_weight,success_bonus,safety_penalty,time_penalty_budget,timeout_penalty,easy_clean_success_return,medium_clean_success_return,hard_clean_success_return,extreme_clean_success_return,cross_tier_return_spread,stationary_timeout_return,out_of_road_return,simultaneous_arrival_crash_return,near_goal_safety_failure_return,clean_success_gt_unsafe_arrival,stationary_timeout_lt_zero,safety_failure_lt_zero,all_invariants_satisfied
1.0,0.5,0.5,0.0,0.0,1.4736,1.481,1.484,1.4898,0.0162,0.0,-0.497,0.5,0.45,True,True,False,False
1.0,0.5,0.5,0.0,0.1,1.4736,1.481,1.484,1.4898,0.0162,-0.1,-0.497,0.5,0.45,True,True,False,False
1.0,0.5,0.5,0.1,0.0,1.4348,1.4408,1.4438,1.4499,0.0151,-0.1,-0.4981,0.45,0.41,True,True,False,False
1.0,0.5,0.5,0.1,0.1,1.4348,1.4408,1.4438,1.4499,0.0151,-0.2,-0.4981,0.45,0.41,True,True,False,False
1.0,0.5,0.5,0.25,0.0,1.3766,1.3805,1.3836,1.3901,0.0135,-0.25,-0.4999,0.375,0.35,True,True,False,False
1.0,0.5,0.5,0.25,0.1,1.3766,1.3805,1.3836,1.3901,0.0135,-0.35,-0.4999,0.375,0.35,True,True,False,False
1.0,0.5,0.5,0.5,0.0,1.2796,1.2799,1.2831,1.2904,0.0108,-0.5,-0.5027,0.25,0.25,True,True,False,False
1.0,0.5,0.5,0.5,0.1,1.2796,1.2799,1.2831,1.2904,0.0108,-0.6,-0.5027,0.25,0.25,True,True,False,False
1.0,0.5,1.0,0.0,0.0,1.4736,1.481,1.484,1.4898,0.0162,0.0,-0.997,0.0,-0.05,True,True,True,True
1.0,0.5,1.0,0.0,0.1,1.4736,1.481,1.484,1.4898,0.0162,-0.1,-0.997,0.0,-0.05,True,True,True,True
1.0,0.5,1.0,0.1,0.0,1.4348,1.4408,1.4438,1.4499,0.0151,-0.1,-0.9981,-0.05,-0.09,True,True,True,True
1.0,0.5,1.0,0.1,0.1,1.4348,1.4408,1.4438,1.4499,0.0151,-0.2,-0.9981,-0.05,-0.09,True,True,True,True
1.0,0.5,1.0,0.25,0.0,1.3766,1.3805,1.3836,1.3901,0.0135,-0.25,-0.9999,-0.125,-0.15,True,True,True,True
1.0,0.5,1.0,0.25,0.1,1.3766,1.3805,1.3836,1.3901,0.0135,-0.35,-0.9999,-0.125,-0.15,True,True,True,True
1.0,0.5,1.0,0.5,0.0,1.2796,1.2799,1.2831,1.2904,0.0108,-0.5,-1.0027,-0.25,-0.25,True,True,True,True
1.0,0.5,1.0,0.5,0.1,1.2796,1.2799,1.2831,1.2904,0.0108,-0.6,-1.0027,-0.25,-0.25,True,True,True,True
1.0,0.5,2.0,0.0,0.0,1.4736,1.481,1.484,1.4898,0.0162,0.0,-1.997,-1.0,-1.05,True,True,True,True
1.0,0.5,2.0,0.0,0.1,1.4736,1.481,1.484,1.4898,0.0162,-0.1,-1.997,-1.0,-1.05,True,True,True,True
1.0,0.5,2.0,0.1,0.0,1.4348,1.4408,1.4438,1.4499,0.0151,-0.1,-1.9981,-1.05,-1.09,True,True,True,True
1.0,0.5,2.0,0.1,0.1,1.4348,1.4408,1.4438,1.4499,0.0151,-0.2,-1.9981,-1.05,-1.09,True,True,True,True
1.0,0.5,2.0,0.25,0.0,1.3766,1.3805,1.3836,1.3901,0.0135,-0.25,-1.9999,-1.125,-1.15,True,True,True,True
1.0,0.5,2.0,0.25,0.1,1.3766,1.3805,1.3836,1.3901,0.0135,-0.35,-1.9999,-1.125,-1.15,True,True,True,True
1.0,0.5,2.0,0.5,0.0,1.2796,1.2799,1.2831,1.2904,0.0108,-0.5,-2.0027,-1.25,-1.25,True,True,True,True
1.0,0.5,2.0,0.5,0.1,1.2796,1.2799,1.2831,1.2904,0.0108,-0.6,-2.0027,-1.25,-1.25,True,True,True,True
1.0,1.0,0.5,0.0,0.0,1.9736,1.981,1.984,1.9898,0.0162,0.0,-0.497,0.5,0.45,True,True,False,False
1.0,1.0,0.5,0.0,0.1,1.9736,1.981,1.984,1.9898,0.0162,-0.1,-0.497,0.5,0.45,True,True,False,False
1.0,1.0,0.5,0.1,0.0,1.9348,1.9408,1.9438,1.9499,0.0151,-0.1,-0.4981,0.45,0.41,True,True,False,False
1.0,1.0,0.5,0.1,0.1,1.9348,1.9408,1.9438,1.9499,0.0151,-0.2,-0.4981,0.45,0.41,True,True,False,False
1.0,1.0,0.5,0.25,0.0,1.8766,1.8805,1.8836,1.8901,0.0135,-0.25,-0.4999,0.375,0.35,True,True,False,False
1.0,1.0,0.5,0.25,0.1,1.8766,1.8805,1.8836,1.8901,0.0135,-0.35,-0.4999,0.375,0.35,True,True,False,False
1.0,1.0,0.5,0.5,0.0,1.7796,1.7799,1.7831,1.7904,0.0108,-0.5,-0.5027,0.25,0.25,True,True,False,False
1.0,1.0,0.5,0.5,0.1,1.7796,1.7799,1.7831,1.7904,0.0108,-0.6,-0.5027,0.25,0.25,True,True,False,False
1.0,1.0,1.0,0.0,0.0,1.9736,1.981,1.984,1.9898,0.0162,0.0,-0.997,0.0,-0.05,True,True,True,True
1.0,1.0,1.0,0.0,0.1,1.9736,1.981,1.984,1.9898,0.0162,-0.1,-0.997,0.0,-0.05,True,True,True,True
1.0,1.0,1.0,0.1,0.0,1.9348,1.9408,1.9438,1.9499,0.0151,-0.1,-0.9981,-0.05,-0.09,True,True,True,True
1.0,1.0,1.0,0.1,0.1,1.9348,1.9408,1.9438,1.9499,0.0151,-0.2,-0.9981,-0.05,-0.09,True,True,True,True
1.0,1.0,1.0,0.25,0.0,1.8766,1.8805,1.8836,1.8901,0.0135,-0.25,-0.9999,-0.125,-0.15,True,True,True,True
1.0,1.0,1.0,0.25,0.1,1.8766,1.8805,1.8836,1.8901,0.0135,-0.35,-0.9999,-0.125,-0.15,True,True,True,True
1.0,1.0,1.0,0.5,0.0,1.7796,1.7799,1.7831,1.7904,0.0108,-0.5,-1.0027,-0.25,-0.25,True,True,True,True
1.0,1.0,1.0,0.5,0.1,1.7796,1.7799,1.7831,1.7904,0.0108,-0.6,-1.0027,-0.25,-0.25,True,True,True,True
1.0,1.0,2.0,0.0,0.0,1.9736,1.981,1.984,1.9898,0.0162,0.0,-1.997,-1.0,-1.05,True,True,True,True
1.0,1.0,2.0,0.0,0.1,1.9736,1.981,1.984,1.9898,0.0162,-0.1,-1.997,-1.0,-1.05,True,True,True,True
1.0,1.0,2.0,0.1,0.0,1.9348,1.9408,1.9438,1.9499,0.0151,-0.1,-1.9981,-1.05,-1.09,True,True,True,True
1.0,1.0,2.0,0.1,0.1,1.9348,1.9408,1.9438,1.9499,0.0151,-0.2,-1.9981,-1.05,-1.09,True,True,True,True
1.0,1.0,2.0,0.25,0.0,1.8766,1.8805,1.8836,1.8901,0.0135,-0.25,-1.9999,-1.125,-1.15,True,True,True,True
1.0,1.0,2.0,0.25,0.1,1.8766,1.8805,1.8836,1.8901,0.0135,-0.35,-1.9999,-1.125,-1.15,True,True,True,True
1.0,1.0,2.0,0.5,0.0,1.7796,1.7799,1.7831,1.7904,0.0108,-0.5,-2.0027,-1.25,-1.25,True,True,True,True
1.0,1.0,2.0,0.5,0.1,1.7796,1.7799,1.7831,1.7904,0.0108,-0.6,-2.0027,-1.25,-1.25,True,True,True,True
1.0,2.0,0.5,0.0,0.0,2.9736,2.981,2.984,2.9898,0.0162,0.0,-0.497,0.5,0.45,True,True,False,False
1.0,2.0,0.5,0.0,0.1,2.9736,2.981,2.984,2.9898,0.0162,-0.1,-0.497,0.5,0.45,True,True,False,False
1.0,2.0,0.5,0.1,0.0,2.9348,2.9408,2.9438,2.9499,0.0151,-0.1,-0.4981,0.45,0.41,True,True,False,False
1.0,2.0,0.5,0.1,0.1,2.9348,2.9408,2.9438,2.9499,0.0151,-0.2,-0.4981,0.45,0.41,True,True,False,False
1.0,2.0,0.5,0.25,0.0,2.8766,2.8805,2.8836,2.8901,0.0135,-0.25,-0.4999,0.375,0.35,True,True,False,False
1.0,2.0,0.5,0.25,0.1,2.8766,2.8805,2.8836,2.8901,0.0135,-0.35,-0.4999,0.375,0.35,True,True,False,False
1.0,2.0,0.5,0.5,0.0,2.7796,2.7799,2.7831,2.7904,0.0108,-0.5,-0.5027,0.25,0.25,True,True,False,False
1.0,2.0,0.5,0.5,0.1,2.7796,2.7799,2.7831,2.7904,0.0108,-0.6,-0.5027,0.25,0.25,True,True,False,False
1.0,2.0,1.0,0.0,0.0,2.9736,2.981,2.984,2.9898,0.0162,0.0,-0.997,0.0,-0.05,True,True,True,True
1.0,2.0,1.0,0.0,0.1,2.9736,2.981,2.984,2.9898,0.0162,-0.1,-0.997,0.0,-0.05,True,True,True,True
1.0,2.0,1.0,0.1,0.0,2.9348,2.9408,2.9438,2.9499,0.0151,-0.1,-0.9981,-0.05,-0.09,True,True,True,True
1.0,2.0,1.0,0.1,0.1,2.9348,2.9408,2.9438,2.9499,0.0151,-0.2,-0.9981,-0.05,-0.09,True,True,True,True
1.0,2.0,1.0,0.25,0.0,2.8766,2.8805,2.8836,2.8901,0.0135,-0.25,-0.9999,-0.125,-0.15,True,True,True,True
1.0,2.0,1.0,0.25,0.1,2.8766,2.8805,2.8836,2.8901,0.0135,-0.35,-0.9999,-0.125,-0.15,True,True,True,True
1.0,2.0,1.0,0.5,0.0,2.7796,2.7799,2.7831,2.7904,0.0108,-0.5,-1.0027,-0.25,-0.25,True,True,True,True
1.0,2.0,1.0,0.5,0.1,2.7796,2.7799,2.7831,2.7904,0.0108,-0.6,-1.0027,-0.25,-0.25,True,True,True,True
1.0,2.0,2.0,0.0,0.0,2.9736,2.981,2.984,2.9898,0.0162,0.0,-1.997,-1.0,-1.05,True,True,True,True
1.0,2.0,2.0,0.0,0.1,2.9736,2.981,2.984,2.9898,0.0162,-0.1,-1.997,-1.0,-1.05,True,True,True,True
1.0,2.0,2.0,0.1,0.0,2.9348,2.9408,2.9438,2.9499,0.0151,-0.1,-1.9981,-1.05,-1.09,True,True,True,True
1.0,2.0,2.0,0.1,0.1,2.9348,2.9408,2.9438,2.9499,0.0151,-0.2,-1.9981,-1.05,-1.09,True,True,True,True
1.0,2.0,2.0,0.25,0.0,2.8766,2.8805,2.8836,2.8901,0.0135,-0.25,-1.9999,-1.125,-1.15,True,True,True,True
1.0,2.0,2.0,0.25,0.1,2.8766,2.8805,2.8836,2.8901,0.0135,-0.35,-1.9999,-1.125,-1.15,True,True,True,True
1.0,2.0,2.0,0.5,0.0,2.7796,2.7799,2.7831,2.7904,0.0108,-0.5,-2.0027,-1.25,-1.25,True,True,True,True
1.0,2.0,2.0,0.5,0.1,2.7796,2.7799,2.7831,2.7904,0.0108,-0.6,-2.0027,-1.25,-1.25,True,True,True,True
