step,mode,action_steering,action_throttle,route_completion,delta_route_completion,speed_kmh,is_negative_delta
1,forward,0.0,0.6,0.014314,1.2e-05,0.65,False
2,forward,0.0,0.6,0.014377,6.2e-05,1.31,False
3,forward,0.0,0.6,0.014491,0.000114,1.96,False
4,forward,0.0,0.6,0.014657,0.000166,2.61,False
5,forward,0.0,0.6,0.014875,0.000218,3.26,False
6,forward,0.0,0.6,0.015144,0.00027,3.92,False
7,forward,0.0,0.6,0.015466,0.000322,4.57,False
8,forward,0.0,0.6,0.015839,0.000373,5.22,False
9,forward,0.0,0.6,0.016265,0.000425,5.88,False
10,forward,0.0,0.6,0.016742,0.000477,6.53,False
11,forward,0.0,0.6,0.017271,0.000529,7.18,False
12,forward,0.0,0.6,0.017852,0.000581,7.83,False
13,forward,0.0,0.6,0.018485,0.000633,8.49,False
14,forward,0.0,0.6,0.01917,0.000685,9.14,False
15,forward,0.0,0.6,0.019906,0.000737,9.79,False
16,forward,0.0,0.6,0.020695,0.000788,10.45,False
17,forward,0.0,0.6,0.021535,0.00084,11.1,False
18,forward,0.0,0.6,0.022427,0.000892,11.75,False
19,forward,0.0,0.6,0.023371,0.000944,12.4,False
20,forward,0.0,0.6,0.024367,0.000996,13.06,False
21,forward,0.0,0.6,0.025415,0.001048,13.71,False
22,forward,0.0,0.6,0.026515,0.0011,14.36,False
23,forward,0.0,0.6,0.027666,0.001152,15.02,False
24,forward,0.0,0.6,0.02887,0.001203,15.67,False
25,forward,0.0,0.6,0.030125,0.001255,16.32,False
26,reverse,0.0,-0.8,0.031403,0.001278,15.45,False
27,reverse,0.0,-0.8,0.032617,0.001214,14.58,False
28,reverse,0.0,-0.8,0.033761,0.001145,13.71,False
29,reverse,0.0,-0.8,0.034837,0.001075,12.84,False
30,reverse,0.0,-0.8,0.035843,0.001006,11.97,False
31,reverse,0.0,-0.8,0.03678,0.000937,11.1,False
32,reverse,0.0,-0.8,0.037648,0.000868,10.23,False
33,reverse,0.0,-0.8,0.038447,0.000799,9.36,False
34,reverse,0.0,-0.8,0.039177,0.00073,8.49,False
35,reverse,0.0,-0.8,0.039837,0.00066,7.62,False
36,reverse,0.0,-0.8,0.040429,0.000591,6.75,False
37,reverse,0.0,-0.8,0.040951,0.000522,5.88,False
38,reverse,0.0,-0.8,0.041404,0.000453,5.01,False
39,reverse,0.0,-0.8,0.041788,0.000384,4.13,False
40,reverse,0.0,-0.8,0.042102,0.000315,3.26,False
41,reverse,0.0,-0.8,0.042348,0.000246,2.39,False
42,reverse,0.0,-0.8,0.042524,0.000176,1.52,False
43,reverse,0.0,-0.8,0.042632,0.000107,0.65,False
44,reverse,0.0,-0.8,0.04267,3.8e-05,0.22,False
45,reverse,0.0,-0.8,0.042638,-3.1e-05,1.09,True
46,reverse,0.0,-0.8,0.042538,-0.0001,1.96,True
47,reverse,0.0,-0.8,0.042369,-0.000169,2.83,True
48,reverse,0.0,-0.8,0.04213,-0.000239,3.7,True
49,reverse,0.0,-0.8,0.041822,-0.000308,4.57,True
50,reverse,0.0,-0.8,0.041445,-0.000377,5.44,True
51,reverse,0.0,-0.8,0.040999,-0.000446,6.31,True
52,reverse,0.0,-0.8,0.040484,-0.000515,7.18,True
53,reverse,0.0,-0.8,0.0399,-0.000584,8.05,True
54,reverse,0.0,-0.8,0.039246,-0.000654,8.92,True
55,reverse,0.0,-0.8,0.038523,-0.000723,9.79,True
56,reverse,0.0,-0.8,0.037731,-0.000792,10.66,True
57,reverse,0.0,-0.8,0.03687,-0.000861,11.53,True
58,reverse,0.0,-0.8,0.03594,-0.00093,12.4,True
59,reverse,0.0,-0.8,0.034941,-0.000999,13.27,True
60,reverse,0.0,-0.8,0.033872,-0.001069,14.15,True
