difficulty_tier,sequence,scenario_seed,generation_success,block_count,block_ids,route_total_length_m,bbox_width_m,bbox_height_m,lane_width,base_lane_num,straight_count,curve_count,intersection_count,t_intersection_count,roundabout_count,ramp_count,merge_split_count,decision_block_count,branching_choice_score,traffic_density,planned_traffic_vehicle_count,episode_budget_seconds,required_avg_speed_kmh_for_horizon_1000
Easy,SCS,0,True,4,ISCS,407.89,192.22,246.46,3.5,2,3,1,0,0,0,0,0,0,0,0.0,0,100.0,14.68
Easy,SCS,1,True,4,ISCS,246.91,217.01,106.3,3.5,2,3,1,0,0,0,0,0,0,0,0.0,0,100.0,8.89
Easy,SCS,2,True,4,ISCS,241.22,172.25,135.4,3.5,2,3,1,0,0,0,0,0,0,0,0.0,0,100.0,8.68
Easy,SCS,3,True,4,ISCS,356.03,164.82,227.29,3.5,2,3,1,0,0,0,0,0,0,0,0.0,0,100.0,12.82
Easy,SCS,4,True,4,ISCS,375.75,190.02,233.44,3.5,2,3,1,0,0,0,0,0,0,0,0.0,0,100.0,13.53
Easy,SCS,5,True,4,ISCS,383.58,180.83,232.07,3.5,2,3,1,0,0,0,0,0,0,0,0.0,0,100.0,13.81
Easy,SCS,6,True,4,ISCS,414.54,191.48,249.85,3.5,2,3,1,0,0,0,0,0,0,0,0.0,0,100.0,14.92
Easy,SCS,7,True,4,ISCS,393.39,200.79,227.34,3.5,2,3,1,0,0,0,0,0,0,0,0.0,0,100.0,14.16
Easy,SCS,8,True,4,ISCS,209.48,189.94,90.81,3.5,2,3,1,0,0,0,0,0,0,0,0.0,0,100.0,7.54
Easy,SCS,9,True,4,ISCS,342.88,179.42,211.99,3.5,2,3,1,0,0,0,0,0,0,0,0.0,0,100.0,12.34
Easy,SCS,10,True,4,ISCS,313.14,157.94,208.09,3.5,2,3,1,0,0,0,0,0,0,0,0.0,0,100.0,11.27
Easy,SCS,11,True,4,ISCS,349.6,196.14,202.85,3.5,2,3,1,0,0,0,0,0,0,0,0.0,0,100.0,12.59
Easy,SCS,12,True,4,ISCS,362.61,188.62,215.2,3.5,2,3,1,0,0,0,0,0,0,0,0.0,0,100.0,13.05
Easy,SCS,13,True,4,ISCS,375.67,175.81,230.89,3.5,2,3,1,0,0,0,0,0,0,0,0.0,0,100.0,13.52
Easy,SCS,14,True,4,ISCS,219.45,189.82,110.16,3.5,2,3,1,0,0,0,0,0,0,0,0.0,0,100.0,7.9
Easy,SCS,15,True,4,ISCS,218.86,178.75,113.89,3.5,2,3,1,0,0,0,0,0,0,0,0.0,0,100.0,7.88
Easy,SCS,16,True,4,ISCS,384.96,175.28,243.84,3.5,2,3,1,0,0,0,0,0,0,0,0.0,0,100.0,13.86
Easy,SCS,17,True,4,ISCS,254.08,210.13,121.37,3.5,2,3,1,0,0,0,0,0,0,0,0.0,0,100.0,9.15
Easy,SCS,18,True,4,ISCS,349.29,187.28,206.51,3.5,2,3,1,0,0,0,0,0,0,0,0.0,0,100.0,12.57
Easy,SCS,19,True,4,ISCS,294.69,199.5,164.6,3.5,2,3,1,0,0,0,0,0,0,0,0.0,0,100.0,10.61
Easy,SCSS,0,True,5,ISCSS,448.08,192.22,279.75,3.5,2,4,1,0,0,0,0,0,0,0,0.0,0,100.0,16.13
Easy,SCSS,1,True,5,ISCSS,309.19,256.63,154.35,3.5,2,4,1,0,0,0,0,0,0,0,0.0,0,100.0,11.13
Easy,SCSS,2,True,5,ISCSS,310.36,194.35,200.92,3.5,2,4,1,0,0,0,0,0,0,0,0.0,0,100.0,11.17
Easy,SCSS,3,True,5,ISCSS,401.08,164.82,265.24,3.5,2,4,1,0,0,0,0,0,0,0,0.0,0,100.0,14.44
Easy,SCSS,4,True,5,ISCSS,453.07,190.02,306.66,3.5,2,4,1,0,0,0,0,0,0,0,0.0,0,100.0,16.31
Easy,SCSS,5,True,5,ISCSS,432.69,180.83,270.75,3.5,2,4,1,0,0,0,0,0,0,0,0.0,0,100.0,15.58
Easy,SCSS,6,True,5,ISCSS,491.48,191.48,311.71,3.5,2,4,1,0,0,0,0,0,0,0,0.0,0,100.0,17.69
Easy,SCSS,7,True,5,ISCSS,468.17,200.79,289.31,3.5,2,4,1,0,0,0,0,0,0,0,0.0,0,100.0,16.85
Easy,SCSS,8,True,5,ISCSS,251.75,219.7,120.83,3.5,2,4,1,0,0,0,0,0,0,0,0.0,0,100.0,9.06
Easy,SCSS,9,True,5,ISCSS,403.15,179.42,268.86,3.5,2,4,1,0,0,0,0,0,0,0,0.0,0,100.0,14.51
Easy,SCSS,10,True,5,ISCSS,361.42,157.94,255.71,3.5,2,4,1,0,0,0,0,0,0,0,0.0,0,100.0,13.01
Easy,SCSS,11,True,5,ISCSS,399.94,196.14,250.5,3.5,2,4,1,0,0,0,0,0,0,0,0.0,0,100.0,14.4
Easy,SCSS,12,True,5,ISCSS,415.36,188.62,261.63,3.5,2,4,1,0,0,0,0,0,0,0,0.0,0,100.0,14.95
Easy,SCSS,13,True,5,ISCSS,436.89,175.81,279.88,3.5,2,4,1,0,0,0,0,0,0,0,0.0,0,100.0,15.73
Easy,SCSS,14,True,5,ISCSS,267.29,221.91,145.64,3.5,2,4,1,0,0,0,0,0,0,0,0.0,0,100.0,9.62
Easy,SCSS,15,True,5,ISCSS,298.18,220.83,181.12,3.5,2,4,1,0,0,0,0,0,0,0,0.0,0,100.0,10.73
Easy,SCSS,16,True,5,ISCSS,440.92,175.28,291.54,3.5,2,4,1,0,0,0,0,0,0,0,0.0,0,100.0,15.87
Easy,SCSS,17,True,5,ISCSS,306.35,238.09,165.53,3.5,2,4,1,0,0,0,0,0,0,0,0.0,0,100.0,11.03
Easy,SCSS,18,True,5,ISCSS,408.65,187.28,260.52,3.5,2,4,1,0,0,0,0,0,0,0,0.0,0,100.0,14.71
Easy,SCSS,19,True,5,ISCSS,353.31,215.34,221.04,3.5,2,4,1,0,0,0,0,0,0,0,0.0,0,100.0,12.72
Easy,SCCS,0,True,5,ISCCS,585.88,227.86,211.41,3.5,2,3,2,0,0,0,0,0,0,0,0.0,0,100.0,21.09
Easy,SCCS,1,True,5,ISCCS,359.9,183.51,189.47,3.5,2,3,2,0,0,0,0,0,0,0,0.0,0,100.0,12.96
Easy,SCCS,2,True,5,ISCCS,349.46,155.24,191.55,3.5,2,3,2,0,0,0,0,0,0,0,0.0,0,100.0,12.58
Easy,SCCS,3,True,5,ISCCS,441.4,189.75,290.43,3.5,2,3,2,0,0,0,0,0,0,0,0.0,0,100.0,15.89
Easy,SCCS,4,True,5,ISCCS,600.57,247.14,207.38,3.5,2,3,2,0,0,0,0,0,0,0,0.0,0,100.0,21.62
Easy,SCCS,5,True,5,ISCCS,474.57,190.32,305.51,3.5,2,3,2,0,0,0,0,0,0,0,0.0,0,100.0,17.08
Easy,SCCS,6,True,5,ISCCS,640.44,231.56,212.82,3.5,2,3,2,0,0,0,0,0,0,0,0.0,0,100.0,23.06
Easy,SCCS,7,True,5,ISCCS,505.16,233.4,315.93,3.5,2,3,2,0,0,0,0,0,0,0,0.0,0,100.0,18.19
Easy,SCCS,8,True,5,ISCCS,280.54,164.42,161.7,3.5,2,3,2,0,0,0,0,0,0,0,0.0,0,100.0,10.1
Easy,SCCS,9,True,5,ISCCS,444.15,259.75,262.65,3.5,2,3,2,0,0,0,0,0,0,0,0.0,0,100.0,15.99
Easy,SCCS,10,True,5,ISCCS,460.07,211.98,196.04,3.5,2,3,2,0,0,0,0,0,0,0,0.0,0,100.0,16.56
Easy,SCCS,11,True,5,ISCCS,422.56,234.53,258.79,3.5,2,3,2,0,0,0,0,0,0,0,0.0,0,100.0,15.21
Easy,SCCS,12,True,5,ISCCS,437.41,197.94,281.35,3.5,2,3,2,0,0,0,0,0,0,0,0.0,0,100.0,15.75
Easy,SCCS,13,True,5,ISCCS,477.71,196.01,312.05,3.5,2,3,2,0,0,0,0,0,0,0,0.0,0,100.0,17.2
Easy,SCCS,14,True,5,ISCCS,378.6,295.56,149.07,3.5,2,3,2,0,0,0,0,0,0,0,0.0,0,100.0,13.63
Easy,SCCS,15,True,5,ISCCS,335.2,150.99,202.71,3.5,2,3,2,0,0,0,0,0,0,0,0.0,0,100.0,12.07
Easy,SCCS,16,True,5,ISCCS,574.25,235.53,210.34,3.5,2,3,2,0,0,0,0,0,0,0,0.0,0,100.0,20.67
Easy,SCCS,17,True,5,ISCCS,390.72,341.58,96.1,3.5,2,3,2,0,0,0,0,0,0,0,0.0,0,100.0,14.07
Easy,SCCS,18,True,5,ISCCS,423.71,195.14,274.99,3.5,2,3,2,0,0,0,0,0,0,0,0.0,0,100.0,15.25
Easy,SCCS,19,True,5,ISCCS,507.68,371.58,164.56,3.5,2,3,2,0,0,0,0,0,0,0,0.0,0,100.0,18.28
Medium,SCXCS,0,True,6,ISCXCS,565.58,192.22,375.71,3.5,2,3,2,1,0,0,0,0,1,3,0.08,9,100.0,20.36
Medium,SCXCS,1,True,6,ISCXCS,476.33,238.76,287.48,3.5,2,3,2,1,0,0,0,0,1,3,0.08,7,100.0,17.15
Medium,SCXCS,2,True,6,ISCXCS,547.32,214.28,324.24,3.5,2,3,2,1,0,0,0,0,1,3,0.08,10,100.0,19.7
Medium,SCXCS,3,True,6,ISCXCS,500.81,164.82,360.2,3.5,2,3,2,1,0,0,0,0,1,3,0.08,8,100.0,18.03
Medium,SCXCS,4,True,6,ISCXCS,625.23,247.01,406.93,3.5,2,3,2,1,0,0,0,0,1,3,0.08,11,100.0,22.51
Medium,SCXCS,5,True,6,ISCXCS,526.08,180.83,354.38,3.5,2,3,2,1,0,0,0,0,1,3,0.08,9,100.0,18.94
Medium,SCXCS,6,True,6,ISCXCS,508.45,227.16,245.37,3.5,2,3,2,1,0,0,0,0,1,3,0.08,8,100.0,18.3
Medium,SCXCS,7,True,6,ISCXCS,589.91,252.3,284.48,3.5,2,3,2,1,0,0,0,0,1,3,0.08,9,100.0,21.24
Medium,SCXCS,8,True,6,ISCXCS,351.97,215.87,214.74,3.5,2,3,2,1,0,0,0,0,1,3,0.08,5,100.0,12.67
Medium,SCXCS,9,True,6,ISCXCS,494.71,309.97,229.2,3.5,2,3,2,1,0,0,0,0,1,3,0.08,8,100.0,17.81
Medium,SCXCS,10,True,6,ISCXCS,472.23,241.5,316.44,3.5,2,3,2,1,0,0,0,0,1,3,0.08,6,100.0,17.0
Medium,SCXCS,11,True,6,ISCXCS,523.75,225.23,267.71,3.5,2,3,2,1,0,0,0,0,1,3,0.08,9,100.0,18.86
Medium,SCXCS,12,True,6,ISCXCS,527.99,188.62,360.38,3.5,2,3,2,1,0,0,0,0,1,3,0.08,8,100.0,19.01
Medium,SCXCS,13,True,6,ISCXCS,611.39,281.7,266.89,3.5,2,3,2,1,0,0,0,0,1,3,0.08,10,100.0,22.01
Medium,SCXCS,14,True,6,ISCXCS,365.76,199.73,242.24,3.5,2,3,2,1,0,0,0,0,1,3,0.08,4,100.0,13.17
Medium,SCXCS,15,True,6,ISCXCS,448.66,202.07,291.15,3.5,2,3,2,1,0,0,0,0,1,3,0.08,7,100.0,16.15
Medium,SCXCS,16,True,6,ISCXCS,601.24,189.39,408.08,3.5,2,3,2,1,0,0,0,0,1,3,0.08,10,100.0,21.64
Medium,SCXCS,17,True,6,ISCXCS,397.29,228.21,130.28,3.5,2,3,2,1,0,0,0,0,1,3,0.08,6,100.0,14.3
Medium,SCXCS,18,True,6,ISCXCS,516.94,206.13,335.66,3.5,2,3,2,1,0,0,0,0,1,3,0.08,9,100.0,18.61
Medium,SCXCS,19,True,6,ISCXCS,529.8,225.48,317.82,3.5,2,3,2,1,0,0,0,0,1,3,0.08,9,100.0,19.07
Medium,SCTCS,0,True,6,ISCTCS,521.06,192.22,348.83,3.5,2,3,2,0,1,0,0,0,1,2,0.08,7,100.0,18.76
Medium,SCTCS,1,True,6,ISCTCS,465.37,232.69,277.67,3.5,2,3,2,0,1,0,0,0,1,2,0.08,6,100.0,16.75
Medium,SCTCS,2,True,6,ISCTCS,547.32,214.28,324.24,3.5,2,3,2,0,1,0,0,0,1,2,0.08,9,100.0,19.7
Medium,SCTCS,3,True,6,ISCTCS,618.9,179.38,391.21,3.5,2,3,2,0,1,0,0,0,1,2,0.08,9,100.0,22.28
Medium,SCTCS,4,True,6,ISCTCS,645.12,269.11,273.83,3.5,2,3,2,0,1,0,0,0,1,2,0.08,10,100.0,23.22
Medium,SCTCS,5,True,6,ISCTCS,520.78,260.18,243.13,3.5,2,3,2,0,1,0,0,0,1,2,0.08,8,100.0,18.75
Medium,SCTCS,6,True,6,ISCTCS,708.76,278.97,270.7,3.5,2,3,2,0,1,0,0,0,1,2,0.08,11,100.0,25.52
Medium,SCTCS,7,True,6,ISCTCS,614.34,205.41,400.32,3.5,2,3,2,0,1,0,0,0,1,2,0.08,9,100.0,22.12
Medium,SCTCS,8,True,6,ISCTCS,346.67,206.72,116.64,3.5,2,3,2,0,1,0,0,0,1,2,0.08,4,100.0,12.48
Medium,SCTCS,9,True,6,ISCTCS,489.21,227.3,239.27,3.5,2,3,2,0,1,0,0,0,1,2,0.08,7,100.0,17.61
Medium,SCTCS,10,True,6,ISCTCS,466.93,287.86,181.67,3.5,2,3,2,0,1,0,0,0,1,2,0.08,5,100.0,16.81
Medium,SCTCS,11,True,6,ISCTCS,534.55,249.58,343.49,3.5,2,3,2,0,1,0,0,0,1,2,0.08,8,100.0,19.24
Medium,SCTCS,12,True,6,ISCTCS,500.5,285.6,239.36,3.5,2,3,2,0,1,0,0,0,1,2,0.08,7,100.0,18.02
Medium,SCTCS,13,True,6,ISCTCS,606.09,175.81,399.61,3.5,2,3,2,0,1,0,0,0,1,2,0.08,9,100.0,21.82
Medium,SCTCS,14,True,6,ISCTCS,326.66,199.94,205.78,3.5,2,3,2,0,1,0,0,0,1,2,0.08,3,100.0,11.76
Medium,SCTCS,15,True,6,ISCTCS,466.32,202.31,293.05,3.5,2,3,2,0,1,0,0,0,1,2,0.08,6,100.0,16.79
Medium,SCTCS,16,True,6,ISCTCS,557.59,200.44,359.86,3.5,2,3,2,0,1,0,0,0,1,2,0.08,8,100.0,20.07
Medium,SCTCS,17,True,6,ISCTCS,391.79,339.1,127.04,3.5,2,3,2,0,1,0,0,0,1,2,0.08,5,100.0,14.1
Medium,SCTCS,18,True,6,ISCTCS,511.64,292.36,235.48,3.5,2,3,2,0,1,0,0,0,1,2,0.08,8,100.0,18.42
Medium,SCTCS,19,True,6,ISCTCS,524.3,273.85,270.33,3.5,2,3,2,0,1,0,0,0,1,2,0.08,8,100.0,18.87
Medium,SCXCCS,0,True,7,ISCXCCS,743.35,234.53,433.27,3.5,2,3,3,1,0,0,0,0,1,3,0.08,13,100.0,26.76
Medium,SCXCCS,1,True,7,ISCXCCS,691.67,332.92,250.21,3.5,2,3,3,1,0,0,0,0,1,3,0.08,11,100.0,24.9
Medium,SCXCCS,2,True,7,ISCXCCS,737.27,281.37,291.6,3.5,2,3,3,1,0,0,0,0,1,3,0.08,14,100.0,26.54
Medium,SCXCCS,3,True,7,ISCXCCS,691.75,304.15,373.62,3.5,2,3,3,1,0,0,0,0,1,3,0.08,12,100.0,24.9
Medium,SCXCCS,4,True,7,ISCXCCS,827.14,247.01,368.91,3.5,2,3,3,1,0,0,0,0,1,3,0.08,16,100.0,29.78
Medium,SCXCCS,5,True,7,ISCXCCS,598.02,200.79,339.74,3.5,2,3,3,1,0,0,0,0,1,3,0.08,10,100.0,21.53
Medium,SCXCCS,6,True,7,ISCXCCS,586.11,223.71,287.44,3.5,2,3,3,1,0,0,0,0,1,3,0.08,9,100.0,21.1
Medium,SCXCCS,7,True,7,ISCXCCS,790.11,352.54,247.16,3.5,2,3,3,1,0,0,0,0,1,3,0.08,14,100.0,28.44
Medium,SCXCCS,8,True,7,ISCXCCS,478.63,215.87,198.11,3.5,2,3,3,1,0,0,0,0,1,3,0.08,7,100.0,17.23
Medium,SCXCCS,9,True,7,ISCXCCS,699.14,374.44,356.96,3.5,2,3,3,1,0,0,0,0,1,3,0.08,12,100.0,25.17
Medium,SCXCCS,10,True,7,ISCXCCS,675.49,207.27,448.21,3.5,2,3,3,1,0,0,0,0,1,3,0.08,10,100.0,24.32
Medium,SCXCCS,11,True,7,ISCXCCS,731.71,328.86,230.93,3.5,2,3,3,1,0,0,0,0,1,3,0.08,13,100.0,26.34
Medium,SCXCCS,12,True,7,ISCXCCS,684.51,219.24,408.98,3.5,2,3,3,1,0,0,0,0,1,3,0.08,12,100.0,24.64
Medium,SCXCCS,13,True,7,ISCXCCS,688.37,362.24,266.89,3.5,2,3,3,1,0,0,0,0,1,3,0.08,12,100.0,24.78
Medium,SCXCCS,14,True,7,ISCXCCS,551.66,379.42,260.33,3.5,2,3,3,1,0,0,0,0,1,3,0.08,8,100.0,19.86
Medium,SCXCCS,15,True,7,ISCXCCS,571.66,202.07,378.86,3.5,2,3,3,1,0,0,0,0,1,3,0.08,9,100.0,20.58
Medium,SCXCCS,16,True,7,ISCXCCS,744.21,223.5,374.97,3.5,2,3,3,1,0,0,0,0,1,3,0.08,12,100.0,26.79
Medium,SCXCCS,17,True,7,ISCXCCS,617.41,313.04,249.06,3.5,2,3,3,1,0,0,0,0,1,3,0.08,10,100.0,22.23
Medium,SCXCCS,18,True,7,ISCXCCS,613.49,300.98,313.97,3.5,2,3,3,1,0,0,0,0,1,3,0.08,10,100.0,22.09
Medium,SCXCCS,19,True,7,ISCXCCS,605.96,225.48,392.09,3.5,2,3,3,1,0,0,0,0,1,3,0.08,11,100.0,21.81
Hard,SCXOCS,0,True,7,ISCXOCS,619.75,302.21,330.22,3.5,2,3,2,1,0,1,0,0,2,6,0.15,26,100.0,22.31
Hard,SCXOCS,1,True,7,ISCXOCS,640.14,323.43,216.12,3.5,2,3,2,1,0,1,0,0,2,6,0.15,27,100.0,23.05
Hard,SCXOCS,2,True,7,ISCXOCS,643.01,259.52,361.57,3.5,2,3,2,1,0,1,0,0,2,6,0.15,27,100.0,23.15
Hard,SCXOCS,3,True,7,ISCXOCS,679.75,197.12,318.78,3.5,2,3,2,1,0,1,0,0,2,6,0.15,27,100.0,24.47
Hard,SCXOCS,4,True,7,ISCXOCS,829.84,465.51,285.89,3.5,2,3,2,1,0,1,0,0,2,6,0.15,30,100.0,29.87
Hard,SCXOCS,5,True,7,ISCXOCS,614.35,309.57,325.84,3.5,2,3,2,1,0,1,0,0,2,6,0.15,25,100.0,22.12
Hard,SCXOCS,6,True,7,ISCXOCS,689.21,347.52,245.37,3.5,2,3,2,1,0,1,0,0,2,6,0.15,28,100.0,24.81
Hard,SCXOCS,7,True,7,ISCXOCS,652.6,319.32,243.89,3.5,2,3,2,1,0,1,0,0,2,6,0.15,26,100.0,23.49
Hard,SCXOCS,8,True,7,ISCXOCS,556.58,272.33,179.79,3.5,2,3,2,1,0,1,0,0,2,6,0.15,21,100.0,20.04
Hard,SCXOCS,9,True,7,ISCXOCS,738.92,330.29,417.81,3.5,2,3,2,1,0,1,0,0,2,6,0.15,28,100.0,26.6
Hard,SCXOCS,10,True,7,ISCXOCS,714.08,304.96,371.48,3.5,2,3,2,1,0,1,0,0,2,6,0.15,27,100.0,25.71
Hard,SCXOCS,11,True,7,ISCXOCS,685.38,233.62,323.58,3.5,2,3,2,1,0,1,0,0,2,6,0.15,25,100.0,24.67
Hard,SCXOCS,12,True,7,ISCXOCS,589.11,269.97,324.48,3.5,2,3,2,1,0,1,0,0,2,6,0.15,24,100.0,21.21
Hard,SCXOCS,13,True,7,ISCXOCS,712.36,251.25,343.82,3.5,2,3,2,1,0,1,0,0,2,6,0.15,25,100.0,25.64
Hard,SCXOCS,14,True,7,ISCXOCS,560.86,279.26,262.38,3.5,2,3,2,1,0,1,0,0,2,6,0.15,22,100.0,20.19
Hard,SCXOCS,15,True,7,ISCXOCS,661.9,367.14,201.64,3.5,2,3,2,1,0,1,0,0,2,6,0.15,25,100.0,23.83
Hard,SCXOCS,16,True,7,ISCXOCS,569.56,265.77,400.65,3.5,2,3,2,1,0,1,0,0,2,6,0.15,23,100.0,20.5
Hard,SCXOCS,17,True,7,ISCXOCS,621.43,228.21,343.04,3.5,2,3,2,1,0,1,0,0,2,6,0.15,25,100.0,22.37
Hard,SCXOCS,18,True,7,ISCXOCS,633.49,272.3,352.42,3.5,2,3,2,1,0,1,0,0,2,6,0.15,26,100.0,22.81
Hard,SCXOCS,19,True,7,ISCXOCS,567.89,322.33,197.9,3.5,2,3,2,1,0,1,0,0,2,6,0.15,22,100.0,20.44
Hard,SCTXrCS,0,True,8,ISCTXrCS,762.64,398.27,303.97,3.5,2,3,2,1,1,0,1,0,3,6,0.15,29,100.0,27.45
Hard,SCTXrCS,1,True,8,ISCTXrCS,748.76,415.6,293.27,3.5,2,3,2,1,1,0,1,0,3,6,0.15,28,100.0,26.96
Hard,SCTXrCS,2,True,8,ISCTXrCS,735.98,363.16,403.13,3.5,2,3,2,1,1,0,1,0,3,6,0.15,27,100.0,26.5
Hard,SCTXrCS,3,True,8,ISCTXrCS,813.0,343.18,435.27,3.5,2,3,2,1,1,0,1,0,3,6,0.15,30,100.0,29.27
Hard,SCTXrCS,4,True,8,ISCTXrCS,871.16,328.17,485.16,3.5,2,3,2,1,1,0,1,0,3,6,0.15,32,100.0,31.36
Hard,SCTXrCS,5,True,8,ISCTXrCS,744.44,209.05,519.38,3.5,2,3,2,1,1,0,1,0,3,6,0.15,27,100.0,26.8
Hard,SCTXrCS,6,True,8,ISCTXrCS,758.54,240.94,537.39,3.5,2,3,2,1,1,0,1,0,3,6,0.15,28,100.0,27.31
Hard,SCTXrCS,7,True,8,ISCTXrCS,762.09,242.78,524.47,3.5,2,3,2,1,1,0,1,0,3,6,0.15,29,100.0,27.44
Hard,SCTXrCS,8,True,8,ISCTXrCS,732.72,271.95,390.76,3.5,2,3,2,1,1,0,1,0,3,6,0.15,26,100.0,26.38
Hard,SCTXrCS,9,True,8,ISCTXrCS,717.31,442.79,205.23,3.5,2,3,2,1,1,0,1,0,3,6,0.15,26,100.0,25.82
Hard,SCTXrCS,10,True,8,ISCTXrCS,809.15,464.61,425.3,3.5,2,3,2,1,1,0,1,0,3,6,0.15,29,100.0,29.13
Hard,SCTXrCS,11,True,8,ISCTXrCS,706.84,210.4,525.37,3.5,2,3,2,1,1,0,1,0,3,6,0.15,25,100.0,25.45
Hard,SCTXrCS,12,True,8,ISCTXrCS,807.48,389.43,485.91,3.5,2,3,2,1,1,0,1,0,3,6,0.15,29,100.0,29.07
Hard,SCTXrCS,13,True,8,ISCTXrCS,700.76,281.32,308.2,3.5,2,3,2,1,1,0,1,0,3,6,0.15,25,100.0,25.23
Hard,SCTXrCS,14,True,8,ISCTXrCS,673.67,243.49,397.07,3.5,2,3,2,1,1,0,1,0,3,6,0.15,23,100.0,24.25
Hard,SCTXrCS,15,True,8,ISCTXrCS,612.08,392.47,228.19,3.5,2,3,2,1,1,0,1,0,3,6,0.15,22,100.0,22.03
Hard,SCTXrCS,16,True,8,ISCTXrCS,802.89,274.33,527.64,3.5,2,3,2,1,1,0,1,0,3,6,0.15,29,100.0,28.9
Hard,SCTXrCS,17,True,8,ISCTXrCS,636.51,546.43,199.04,3.5,2,3,2,1,1,0,1,0,3,6,0.15,23,100.0,22.91
Hard,SCTXrCS,18,True,8,ISCTXrCS,814.85,339.88,422.01,3.5,2,3,2,1,1,0,1,0,3,6,0.15,31,100.0,29.33
Hard,SCTXrCS,19,True,8,ISCTXrCS,630.65,300.96,367.94,3.5,2,3,2,1,1,0,1,0,3,6,0.15,23,100.0,22.7
Hard,XTOCS,0,True,6,IXTOCS,397.87,221.9,317.38,3.5,2,2,1,1,1,1,0,0,3,8,0.15,15,100.0,14.32
Hard,XTOCS,1,True,6,IXTOCS,493.15,269.73,268.39,3.5,2,2,1,1,1,1,0,0,3,8,0.15,20,100.0,17.75
Hard,XTOCS,2,True,6,IXTOCS,524.07,198.89,286.32,3.5,2,2,1,1,1,1,0,0,3,8,0.15,17,100.0,18.87
Hard,XTOCS,3,True,6,IXTOCS,435.46,234.93,314.51,3.5,2,2,1,1,1,1,0,0,3,8,0.15,15,100.0,15.68
Hard,XTOCS,4,True,6,IXTOCS,606.27,306.95,379.86,3.5,2,2,1,1,1,1,0,0,3,8,0.15,22,100.0,21.83
Hard,XTOCS,5,True,6,IXTOCS,482.74,256.25,261.64,3.5,2,2,1,1,1,1,0,0,3,8,0.15,18,100.0,17.38
Hard,XTOCS,6,True,6,IXTOCS,471.99,193.03,390.1,3.5,2,2,1,1,1,1,0,0,3,8,0.15,17,100.0,16.99
Hard,XTOCS,7,True,6,IXTOCS,551.4,294.6,276.08,3.5,2,2,1,1,1,1,0,0,3,8,0.15,22,100.0,19.85
Hard,XTOCS,8,True,6,IXTOCS,419.73,297.19,193.86,3.5,2,2,1,1,1,1,0,0,3,8,0.15,14,100.0,15.11
Hard,XTOCS,9,True,6,IXTOCS,564.36,309.72,218.83,3.5,2,2,1,1,1,1,0,0,3,8,0.15,22,100.0,20.32
Hard,XTOCS,10,True,6,IXTOCS,612.28,278.5,368.87,3.5,2,2,1,1,1,1,0,0,3,8,0.15,21,100.0,22.04
Hard,XTOCS,11,True,6,IXTOCS,420.43,214.0,275.68,3.5,2,2,1,1,1,1,0,0,3,8,0.15,16,100.0,15.14
Hard,XTOCS,12,True,6,IXTOCS,440.41,207.33,296.12,3.5,2,2,1,1,1,1,0,0,3,8,0.15,16,100.0,15.85
Hard,XTOCS,13,True,6,IXTOCS,527.19,291.69,262.77,3.5,2,2,1,1,1,1,0,0,3,8,0.15,20,100.0,18.98
Hard,XTOCS,14,True,6,IXTOCS,448.11,186.19,371.55,3.5,2,2,1,1,1,1,0,0,3,8,0.15,16,100.0,16.13
Hard,XTOCS,15,True,6,IXTOCS,609.19,378.2,217.07,3.5,2,2,1,1,1,1,0,0,3,8,0.15,21,100.0,21.93
Hard,XTOCS,16,True,6,IXTOCS,587.31,215.26,414.4,3.5,2,2,1,1,1,1,0,0,3,8,0.15,20,100.0,21.14
Hard,XTOCS,17,True,6,IXTOCS,659.02,372.22,234.97,3.5,2,2,1,1,1,1,0,0,3,8,0.15,22,100.0,23.72
Hard,XTOCS,18,True,6,IXTOCS,416.35,245.22,261.14,3.5,2,2,1,1,1,1,0,0,3,8,0.15,17,100.0,14.99
Hard,XTOCS,19,True,6,IXTOCS,496.89,237.36,290.32,3.5,2,2,1,1,1,1,0,0,3,8,0.15,17,100.0,17.89
Extreme,CrXROSTR,0,True,9,ICrXROSTR,1062.36,327.4,624.02,3.5,2,2,1,1,1,1,3,0,6,11,0.25,74,100.0,38.24
Extreme,CrXROSTR,1,True,9,ICrXROSTR,1047.44,376.86,512.82,3.5,2,2,1,1,1,1,3,0,6,11,0.25,71,100.0,37.71
Extreme,CrXROSTR,2,True,9,ICrXROSTR,871.73,593.55,432.57,3.5,2,2,1,1,1,1,3,0,6,11,0.25,63,100.0,31.38
Extreme,CrXROSTR,3,True,9,ICrXROSTR,837.83,446.19,607.72,3.5,2,2,1,1,1,1,3,0,6,11,0.25,63,100.0,30.16
Extreme,CrXROSTR,4,True,9,ICrXROSTR,991.29,495.09,527.24,3.5,2,2,1,1,1,1,3,0,6,11,0.25,73,100.0,35.69
Extreme,CrXROSTR,5,True,9,ICrXROSTR,816.06,274.22,639.85,3.5,2,2,1,1,1,1,3,0,6,11,0.25,62,100.0,29.38
Extreme,CrXROSTR,6,True,9,ICrXROSTR,938.58,469.87,376.06,3.5,2,2,1,1,1,1,3,0,6,11,0.25,70,100.0,33.79
Extreme,CrXROSTR,7,True,9,ICrXROSTR,972.61,419.16,445.68,3.5,2,2,1,1,1,1,3,0,6,11,0.25,75,100.0,35.01
Extreme,CrXROSTR,8,True,9,ICrXROSTR,828.13,322.6,648.67,3.5,2,2,1,1,1,1,3,0,6,11,0.25,61,100.0,29.81
Extreme,CrXROSTR,9,True,9,ICrXROSTR,952.23,664.58,389.22,3.5,2,2,1,1,1,1,3,0,6,11,0.25,69,100.0,34.28
Extreme,CrXROSTR,10,True,9,ICrXROSTR,893.02,420.04,483.83,3.5,2,2,1,1,1,1,3,0,6,11,0.25,62,100.0,32.15
Extreme,CrXROSTR,11,True,9,ICrXROSTR,999.92,602.73,412.56,3.5,2,2,1,1,1,1,3,0,6,11,0.25,73,100.0,36.0
Extreme,CrXROSTR,12,True,9,ICrXROSTR,994.75,334.36,847.91,3.5,2,2,1,1,1,1,3,0,6,11,0.25,72,100.0,35.81
Extreme,CrXROSTR,13,True,9,ICrXROSTR,864.96,276.65,774.73,3.5,2,2,1,1,1,1,3,0,6,11,0.25,64,100.0,31.14
Extreme,CrXROSTR,14,True,9,ICrXROSTR,752.03,478.78,402.31,3.5,2,2,1,1,1,1,3,0,6,11,0.25,57,100.0,27.07
Extreme,CrXROSTR,15,True,9,ICrXROSTR,858.17,474.44,370.18,3.5,2,2,1,1,1,1,3,0,6,11,0.25,61,100.0,30.89
Extreme,CrXROSTR,16,True,9,ICrXROSTR,865.34,576.82,382.01,3.5,2,2,1,1,1,1,3,0,6,11,0.25,64,100.0,31.15
Extreme,CrXROSTR,17,True,9,ICrXROSTR,972.67,346.48,462.95,3.5,2,2,1,1,1,1,3,0,6,11,0.25,68,100.0,35.02
Extreme,CrXROSTR,18,True,9,ICrXROSTR,905.95,390.59,628.94,3.5,2,2,1,1,1,1,3,0,6,11,0.25,69,100.0,32.61
Extreme,CrXROSTR,19,True,9,ICrXROSTR,965.47,523.7,603.69,3.5,2,2,1,1,1,1,3,0,6,11,0.25,69,100.0,34.76
Extreme,SCXOCrTYCS,0,True,11,ISCXOCrTYCS,971.13,441.65,465.44,3.5,2,3,3,1,1,1,1,1,5,10,0.25,78,100.0,34.96
Extreme,SCXOCrTYCS,1,True,11,ISCXOCrTYCS,967.79,391.83,450.65,3.5,2,3,3,1,1,1,1,1,5,10,0.25,73,100.0,34.84
Extreme,SCXOCrTYCS,2,True,11,ISCXOCrTYCS,1053.47,286.7,472.24,3.5,2,3,3,1,1,1,1,1,5,10,0.25,76,100.0,37.92
Extreme,SCXOCrTYCS,3,True,11,ISCXOCrTYCS,993.32,593.93,376.24,3.5,2,3,3,1,1,1,1,1,5,10,0.25,80,100.0,35.76
Extreme,SCXOCrTYCS,4,True,11,ISCXOCrTYCS,1288.74,732.57,432.46,3.5,2,3,3,1,1,1,1,1,5,10,0.25,90,100.0,46.39
Extreme,SCXOCrTYCS,5,True,11,ISCXOCrTYCS,1065.31,457.67,361.51,3.5,2,3,3,1,1,1,1,1,5,10,0.25,87,100.0,38.35
Extreme,SCXOCrTYCS,6,True,11,ISCXOCrTYCS,1048.72,538.88,371.15,3.5,2,3,3,1,1,1,1,1,5,10,0.25,76,100.0,37.75
Extreme,SCXOCrTYCS,7,True,11,ISCXOCrTYCS,1113.67,546.46,389.99,3.5,2,3,3,1,1,1,1,1,5,10,0.25,81,100.0,40.09
Extreme,SCXOCrTYCS,8,True,11,ISCXOCrTYCS,1015.56,406.33,279.45,3.5,2,3,3,1,1,1,1,1,5,10,0.25,74,100.0,36.56
Extreme,SCXOCrTYCS,9,True,11,ISCXOCrTYCS,1080.16,421.38,492.43,3.5,2,3,3,1,1,1,1,1,5,10,0.25,83,100.0,38.89
Extreme,SCXOCrTYCS,10,True,11,ISCXOCrTYCS,1034.42,419.91,378.21,3.5,2,3,3,1,1,1,1,1,5,10,0.25,74,100.0,37.24
Extreme,SCXOCrTYCS,11,True,11,ISCXOCrTYCS,1153.41,365.59,538.03,3.5,2,3,3,1,1,1,1,1,5,10,0.25,81,100.0,41.52
Extreme,SCXOCrTYCS,12,True,11,ISCXOCrTYCS,1071.21,409.95,366.12,3.5,2,3,3,1,1,1,1,1,5,10,0.25,82,100.0,38.56
Extreme,SCXOCrTYCS,13,True,11,ISCXOCrTYCS,1218.5,555.79,383.91,3.5,2,3,3,1,1,1,1,1,5,10,0.25,94,100.0,43.87
Extreme,SCXOCrTYCS,14,True,11,ISCXOCrTYCS,884.87,424.2,334.98,3.5,2,3,3,1,1,1,1,1,5,10,0.25,66,100.0,31.86
Extreme,SCXOCrTYCS,15,True,11,ISCXOCrTYCS,1031.43,638.85,335.91,3.5,2,3,3,1,1,1,1,1,5,10,0.25,71,100.0,37.13
Extreme,SCXOCrTYCS,16,True,11,ISCXOCrTYCS,1051.77,279.88,683.54,3.5,2,3,3,1,1,1,1,1,5,10,0.25,79,100.0,37.86
Extreme,SCXOCrTYCS,17,True,11,ISCXOCrTYCS,970.56,425.42,426.07,3.5,2,3,3,1,1,1,1,1,5,10,0.25,76,100.0,34.94
Extreme,SCXOCrTYCS,18,True,11,ISCXOCrTYCS,1076.15,451.69,477.88,3.5,2,3,3,1,1,1,1,1,5,10,0.25,88,100.0,38.74
Extreme,SCXOCrTYCS,19,True,11,ISCXOCrTYCS,988.87,410.15,496.15,3.5,2,3,3,1,1,1,1,1,5,10,0.25,73,100.0,35.6
Extreme,SCTXORyCCS,0,True,11,ISCTXORyCCS,1142.68,587.04,435.57,3.5,2,3,3,1,1,1,1,1,5,10,0.25,67,100.0,41.14
Extreme,SCTXORyCCS,1,True,11,ISCTXORyCCS,918.77,428.42,505.51,3.5,2,3,3,1,1,1,1,1,5,10,0.25,48,100.0,33.08
Extreme,SCTXORyCCS,2,True,11,ISCTXORyCCS,990.69,722.32,279.56,3.5,2,3,3,1,1,1,1,1,5,10,0.25,49,100.0,35.66
Extreme,SCTXORyCCS,3,True,11,ISCTXORyCCS,965.87,261.4,643.75,3.5,2,3,3,1,1,1,1,1,5,10,0.25,60,100.0,34.77
Extreme,SCTXORyCCS,4,True,11,ISCTXORyCCS,1003.23,402.23,438.63,3.5,2,3,3,1,1,1,1,1,5,10,0.25,58,100.0,36.12
Extreme,SCTXORyCCS,5,True,11,ISCTXORyCCS,981.86,325.25,448.81,3.5,2,3,3,1,1,1,1,1,5,10,0.25,62,100.0,35.35
Extreme,SCTXORyCCS,6,True,11,ISCTXORyCCS,1023.2,321.05,608.36,3.5,2,3,3,1,1,1,1,1,5,10,0.25,61,100.0,36.84
Extreme,SCTXORyCCS,7,True,11,ISCTXORyCCS,953.52,409.19,397.63,3.5,2,3,3,1,1,1,1,1,5,10,0.25,63,100.0,34.33
Extreme,SCTXORyCCS,8,True,11,ISCTXORyCCS,1073.92,467.81,261.68,3.5,2,3,3,1,1,1,1,1,5,10,0.25,59,100.0,38.66
Extreme,SCTXORyCCS,9,True,11,ISCTXORyCCS,1038.94,320.75,426.97,3.5,2,3,3,1,1,1,1,1,5,10,0.25,60,100.0,37.4
Extreme,SCTXORyCCS,10,True,11,ISCTXORyCCS,1125.34,388.78,591.95,3.5,2,3,3,1,1,1,1,1,5,10,0.25,64,100.0,40.51
Extreme,SCTXORyCCS,11,True,11,ISCTXORyCCS,926.94,403.59,436.58,3.5,2,3,3,1,1,1,1,1,5,10,0.25,59,100.0,33.37
Extreme,SCTXORyCCS,12,True,11,ISCTXORyCCS,1003.29,446.05,493.51,3.5,2,3,3,1,1,1,1,1,5,10,0.25,61,100.0,36.12
Extreme,SCTXORyCCS,13,True,11,ISCTXORyCCS,1142.51,425.51,566.26,3.5,2,3,3,1,1,1,1,1,5,10,0.25,68,100.0,41.13
Extreme,SCTXORyCCS,14,True,11,ISCTXORyCCS,895.87,367.37,628.11,3.5,2,3,3,1,1,1,1,1,5,10,0.25,55,100.0,32.25
Extreme,SCTXORyCCS,15,True,11,ISCTXORyCCS,823.47,247.19,470.9,3.5,2,3,3,1,1,1,1,1,5,10,0.25,52,100.0,29.64
Extreme,SCTXORyCCS,16,True,11,ISCTXORyCCS,1153.55,341.35,525.65,3.5,2,3,3,1,1,1,1,1,5,10,0.25,70,100.0,41.53
Extreme,SCTXORyCCS,17,True,11,ISCTXORyCCS,956.41,478.87,400.29,3.5,2,3,3,1,1,1,1,1,5,10,0.25,55,100.0,34.43
Extreme,SCTXORyCCS,18,True,11,ISCTXORyCCS,1130.21,453.85,679.1,3.5,2,3,3,1,1,1,1,1,5,10,0.25,56,100.0,40.69
Extreme,SCTXORyCCS,19,True,11,ISCTXORyCCS,943.47,413.43,615.14,3.5,2,3,3,1,1,1,1,1,5,10,0.25,48,100.0,33.96
