test_label,action_steering,action_throttle,steps_completed,duration_sec,final_speed_km_h,avg_speed_km_h,dist_traveled_m,delta_heading_deg,final_lat_offset_m,terminated,truncated,out_of_road,arrive_dest
idle,0.0,0.0,50,5.0,0.01,0.02,0.01,-0.0,0.0,False,False,False,False
low_throttle,0.0,0.25,50,5.0,12.43,6.34,8.53,0.0,0.0,False,False,False,False
mid_throttle,0.0,0.5,50,5.0,24.85,12.68,17.05,0.0,0.0,False,False,False,False
full_throttle,0.0,1.0,50,5.0,49.71,25.35,34.11,-0.0,0.0,False,False,False,False
gentle_brake,0.0,-0.25,50,5.0,0.01,0.03,0.0,-0.0,0.0,False,False,False,False
mid_brake,0.0,-0.5,50,5.0,0.01,0.03,0.0,0.0,0.0,False,False,False,False
full_brake,0.0,-1.0,50,5.0,0.01,0.07,0.05,-0.0,0.0,False,False,False,False
slight_left_throttle,-0.25,0.4,49,4.9,19.16,9.83,12.53,-51.33,-0.59,True,False,True,False
hard_left_throttle,-0.5,0.4,42,4.2,15.5,8.09,8.52,-72.18,-0.78,True,False,True,False
slight_right_throttle,0.25,0.4,22,2.2,8.67,4.54,2.58,10.11,-0.47,True,False,True,False
hard_right_throttle,0.5,0.4,17,1.7,6.48,3.45,1.48,11.58,-0.44,True,False,True,False
accel20_then_full_brake,0.0,-1.0,29,2.9,0.03,9.96,6.84,0.0,0.0,False,False,False,False
