run_id,scenario_seed,step,x,y,heading_rad,speed_km_h,route_completion,terminated,truncated,delta_pos_from_run0,delta_heading_from_run0
0,42,1,5.003443717956543,3.5,0.0,0.5165686726570199,0.01287256702841489,False,False,0.0,0.0
0,42,2,5.02064847946167,3.5002448558807373,0.0001479385985536652,1.0318987522549747,0.012916830431416271,False,False,0.0,0.0
0,42,3,5.051414966583252,3.5015881061553955,0.000998285934616483,1.4394346341792998,0.012995984647997161,False,False,0.0,0.0
0,42,4,5.092817783355713,3.5030665397644043,0.00197500026440256,1.7361264791863735,0.013102503390709501,False,False,0.0,0.0
0,42,5,5.141937255859375,3.501180648803711,0.000859268925713863,1.9326438921465579,0.01322887509344987,False,False,0.0,0.0
0,42,6,5.199391841888428,3.4984185695648193,-0.0009524795638666816,2.547683560706441,0.013376690888218292,False,False,0.0,0.0
0,42,7,5.272278308868408,3.50045108795166,0.0001280980484326122,3.0085448541397883,0.013564208922706614,False,False,0.0,0.0
0,42,8,5.356562614440918,3.5032434463500977,0.0020893830332218144,3.297523458502965,0.013781050648942446,False,False,0.0,0.0
0,42,9,5.421848297119141,3.498882532119751,-0.0010475544147823257,0.0671298305791104,0.013949013830631731,False,False,0.0,0.0
0,42,10,5.429705619812012,3.4973785877227783,-0.0013020194569399735,0.8461854021507174,0.013969228690382203,False,False,0.0,0.0
0,42,11,5.455729007720947,3.4969520568847656,-0.0012757873202025038,1.362514434528092,0.014036180139033858,False,False,0.0,0.0
0,42,12,5.496406555175781,3.4976234436035156,-0.0009359679651081976,1.8760460763677105,0.014140832951312864,False,False,0.0,0.0
0,42,13,5.5505499839782715,3.500363349914551,0.0006988134700369741,2.2808444534628394,0.014280129994648632,False,False,0.0,0.0
0,42,14,5.615206241607666,3.5029706954956055,0.0024226776436453434,2.5697326652421806,0.014446473828427332,False,False,0.0,0.0
0,42,15,5.6874237060546875,3.5005853176116943,0.0009769806458956865,2.7608170183072307,0.014632270692371295,False,False,0.0,0.0
0,42,16,5.767838954925537,3.4966483116149902,-0.001499892325933061,3.3743728649963516,0.014839158336071911,False,False,0.0,0.0
0,42,17,5.86347770690918,3.498971462249756,-0.00014887070493507792,3.816621537776182,0.015085212117191724,False,False,0.0,0.0
0,42,18,5.969816207885742,3.502629518508911,0.0023626233610638536,4.072385572436896,0.015358793586012765,False,False,0.0,0.0
0,42,19,6.056568622589111,3.4971940517425537,-0.0014980281131693474,0.4861459170615091,0.015581985118904046,False,False,0.0,0.0
0,42,20,6.078935146331787,3.495349645614624,-0.0030635673599723745,1.3071274592908284,0.015639528401550945,False,False,0.0,0.0
0,42,21,6.117763042449951,3.4947757720947266,-0.003479819438352294,1.823497777111977,0.015739422539174527,False,False,0.0,0.0
0,42,22,6.171234130859375,3.4954934120178223,-0.003158109578670576,2.3359431885980286,0.015876989824514895,False,False,0.0,0.0
0,42,23,6.238124370574951,3.49869704246521,-0.0011747203568344133,2.7387837478544768,0.016049081116597454,False,False,0.0,0.0
0,42,24,6.3154449462890625,3.501699209213257,0.0009101353025346981,3.023558582171478,0.016248006966404358,False,False,0.0,0.0
0,42,25,6.400229454040527,3.4987730979919434,-0.0007680556583791187,3.2119128139079787,0.01646613558351762,False,False,0.0,0.0
0,42,26,6.493138313293457,3.4940216541290283,-0.00365066122228086,3.8245022959095403,0.01670516605646463,False,False,0.0,0.0
0,42,27,6.601175785064697,3.496346950531006,-0.0021692778659243572,4.257072366964849,0.016983118537865532,False,False,0.0,0.0
0,42,28,6.719553470611572,3.5002150535583496,0.0006367618166382982,4.495556851355571,0.017287673715812673,False,False,0.0,0.0
0,42,29,6.818023681640625,3.4940645694732666,-0.0036140427572917133,0.9046161440106759,0.01754101210897268,False,False,0.0,0.0
0,42,30,6.852067947387695,3.4919559955596924,-0.00533337955704738,1.727704510179193,0.017628599202475816,False,False,0.0,0.0
1,42,1,5.003443717956543,3.5,0.0,0.5165686726570199,0.01287256702841489,False,False,0.0,0.0
1,42,2,5.02064847946167,3.5002448558807373,0.0001479385985536652,1.0318987522549747,0.012916830431416271,False,False,0.0,0.0
1,42,3,5.051414966583252,3.5015881061553955,0.000998285934616483,1.4394346341792998,0.012995984647997161,False,False,0.0,0.0
1,42,4,5.092817783355713,3.5030665397644043,0.00197500026440256,1.7361264791863735,0.013102503390709501,False,False,0.0,0.0
1,42,5,5.141937255859375,3.501180648803711,0.000859268925713863,1.9326438921465579,0.01322887509344987,False,False,0.0,0.0
1,42,6,5.199391841888428,3.4984185695648193,-0.0009524795638666816,2.547683560706441,0.013376690888218292,False,False,0.0,0.0
1,42,7,5.272278308868408,3.50045108795166,0.0001280980484326122,3.0085448541397883,0.013564208922706614,False,False,0.0,0.0
1,42,8,5.356562614440918,3.5032434463500977,0.0020893830332218144,3.297523458502965,0.013781050648942446,False,False,0.0,0.0
1,42,9,5.421848297119141,3.498882532119751,-0.0010475544147823257,0.0671298305791104,0.013949013830631731,False,False,0.0,0.0
1,42,10,5.429705619812012,3.4973785877227783,-0.0013020194569399735,0.8461854021507174,0.013969228690382203,False,False,0.0,0.0
1,42,11,5.455729007720947,3.4969520568847656,-0.0012757873202025038,1.362514434528092,0.014036180139033858,False,False,0.0,0.0
1,42,12,5.496406555175781,3.4976234436035156,-0.0009359679651081976,1.8760460763677105,0.014140832951312864,False,False,0.0,0.0
1,42,13,5.5505499839782715,3.500363349914551,0.0006988134700369741,2.2808444534628394,0.014280129994648632,False,False,0.0,0.0
1,42,14,5.615206241607666,3.5029706954956055,0.0024226776436453434,2.5697326652421806,0.014446473828427332,False,False,0.0,0.0
1,42,15,5.6874237060546875,3.5005853176116943,0.0009769806458956865,2.7608170183072307,0.014632270692371295,False,False,0.0,0.0
1,42,16,5.767838954925537,3.4966483116149902,-0.001499892325933061,3.3743728649963516,0.014839158336071911,False,False,0.0,0.0
1,42,17,5.86347770690918,3.498971462249756,-0.00014887070493507792,3.816621537776182,0.015085212117191724,False,False,0.0,0.0
1,42,18,5.969816207885742,3.502629518508911,0.0023626233610638536,4.072385572436896,0.015358793586012765,False,False,0.0,0.0
1,42,19,6.056568622589111,3.4971940517425537,-0.0014980281131693474,0.4861459170615091,0.015581985118904046,False,False,0.0,0.0
1,42,20,6.078935146331787,3.495349645614624,-0.0030635673599723745,1.3071274592908284,0.015639528401550945,False,False,0.0,0.0
1,42,21,6.117763042449951,3.4947757720947266,-0.003479819438352294,1.823497777111977,0.015739422539174527,False,False,0.0,0.0
1,42,22,6.171234130859375,3.4954934120178223,-0.003158109578670576,2.3359431885980286,0.015876989824514895,False,False,0.0,0.0
1,42,23,6.238124370574951,3.49869704246521,-0.0011747203568344133,2.7387837478544768,0.016049081116597454,False,False,0.0,0.0
1,42,24,6.3154449462890625,3.501699209213257,0.0009101353025346981,3.023558582171478,0.016248006966404358,False,False,0.0,0.0
1,42,25,6.400229454040527,3.4987730979919434,-0.0007680556583791187,3.2119128139079787,0.01646613558351762,False,False,0.0,0.0
1,42,26,6.493138313293457,3.4940216541290283,-0.00365066122228086,3.8245022959095403,0.01670516605646463,False,False,0.0,0.0
1,42,27,6.601175785064697,3.496346950531006,-0.0021692778659243572,4.257072366964849,0.016983118537865532,False,False,0.0,0.0
1,42,28,6.719553470611572,3.5002150535583496,0.0006367618166382982,4.495556851355571,0.017287673715812673,False,False,0.0,0.0
1,42,29,6.818023681640625,3.4940645694732666,-0.0036140427572917133,0.9046161440106759,0.01754101210897268,False,False,0.0,0.0
1,42,30,6.852067947387695,3.4919559955596924,-0.00533337955704738,1.727704510179193,0.017628599202475816,False,False,0.0,0.0
2,42,1,5.003443717956543,3.5,0.0,0.5165686726570199,0.01287256702841489,False,False,0.0,0.0
2,42,2,5.02064847946167,3.5002448558807373,0.0001479385985536652,1.0318987522549747,0.012916830431416271,False,False,0.0,0.0
2,42,3,5.051414966583252,3.5015881061553955,0.000998285934616483,1.4394346341792998,0.012995984647997161,False,False,0.0,0.0
2,42,4,5.092817783355713,3.5030665397644043,0.00197500026440256,1.7361264791863735,0.013102503390709501,False,False,0.0,0.0
2,42,5,5.141937255859375,3.501180648803711,0.000859268925713863,1.9326438921465579,0.01322887509344987,False,False,0.0,0.0
2,42,6,5.199391841888428,3.4984185695648193,-0.0009524795638666816,2.547683560706441,0.013376690888218292,False,False,0.0,0.0
2,42,7,5.272278308868408,3.50045108795166,0.0001280980484326122,3.0085448541397883,0.013564208922706614,False,False,0.0,0.0
2,42,8,5.356562614440918,3.5032434463500977,0.0020893830332218144,3.297523458502965,0.013781050648942446,False,False,0.0,0.0
2,42,9,5.421848297119141,3.498882532119751,-0.0010475544147823257,0.0671298305791104,0.013949013830631731,False,False,0.0,0.0
2,42,10,5.429705619812012,3.4973785877227783,-0.0013020194569399735,0.8461854021507174,0.013969228690382203,False,False,0.0,0.0
2,42,11,5.455729007720947,3.4969520568847656,-0.0012757873202025038,1.362514434528092,0.014036180139033858,False,False,0.0,0.0
2,42,12,5.496406555175781,3.4976234436035156,-0.0009359679651081976,1.8760460763677105,0.014140832951312864,False,False,0.0,0.0
2,42,13,5.5505499839782715,3.500363349914551,0.0006988134700369741,2.2808444534628394,0.014280129994648632,False,False,0.0,0.0
2,42,14,5.615206241607666,3.5029706954956055,0.0024226776436453434,2.5697326652421806,0.014446473828427332,False,False,0.0,0.0
2,42,15,5.6874237060546875,3.5005853176116943,0.0009769806458956865,2.7608170183072307,0.014632270692371295,False,False,0.0,0.0
2,42,16,5.767838954925537,3.4966483116149902,-0.001499892325933061,3.3743728649963516,0.014839158336071911,False,False,0.0,0.0
2,42,17,5.86347770690918,3.498971462249756,-0.00014887070493507792,3.816621537776182,0.015085212117191724,False,False,0.0,0.0
2,42,18,5.969816207885742,3.502629518508911,0.0023626233610638536,4.072385572436896,0.015358793586012765,False,False,0.0,0.0
2,42,19,6.056568622589111,3.4971940517425537,-0.0014980281131693474,0.4861459170615091,0.015581985118904046,False,False,0.0,0.0
2,42,20,6.078935146331787,3.495349645614624,-0.0030635673599723745,1.3071274592908284,0.015639528401550945,False,False,0.0,0.0
2,42,21,6.117763042449951,3.4947757720947266,-0.003479819438352294,1.823497777111977,0.015739422539174527,False,False,0.0,0.0
2,42,22,6.171234130859375,3.4954934120178223,-0.003158109578670576,2.3359431885980286,0.015876989824514895,False,False,0.0,0.0
2,42,23,6.238124370574951,3.49869704246521,-0.0011747203568344133,2.7387837478544768,0.016049081116597454,False,False,0.0,0.0
2,42,24,6.3154449462890625,3.501699209213257,0.0009101353025346981,3.023558582171478,0.016248006966404358,False,False,0.0,0.0
2,42,25,6.400229454040527,3.4987730979919434,-0.0007680556583791187,3.2119128139079787,0.01646613558351762,False,False,0.0,0.0
2,42,26,6.493138313293457,3.4940216541290283,-0.00365066122228086,3.8245022959095403,0.01670516605646463,False,False,0.0,0.0
2,42,27,6.601175785064697,3.496346950531006,-0.0021692778659243572,4.257072366964849,0.016983118537865532,False,False,0.0,0.0
2,42,28,6.719553470611572,3.5002150535583496,0.0006367618166382982,4.495556851355571,0.017287673715812673,False,False,0.0,0.0
2,42,29,6.818023681640625,3.4940645694732666,-0.0036140427572917133,0.9046161440106759,0.01754101210897268,False,False,0.0,0.0
2,42,30,6.852067947387695,3.4919559955596924,-0.00533337955704738,1.727704510179193,0.017628599202475816,False,False,0.0,0.0
