step,trigger_run0_active_count,trigger_run1_active_count,trigger_count_equal,trigger_run0_v0_x,trigger_run1_v0_x,trigger_run0_v0_y,trigger_run1_v0_y,trigger_pos_equal,respawn_active_count
1,0,0,True,0.0,0.0,0.0,0.0,True,9
2,0,0,True,0.0,0.0,0.0,0.0,True,9
3,0,0,True,0.0,0.0,0.0,0.0,True,9
4,0,0,True,0.0,0.0,0.0,0.0,True,9
5,0,0,True,0.0,0.0,0.0,0.0,True,9
6,0,0,True,0.0,0.0,0.0,0.0,True,9
7,0,0,True,0.0,0.0,0.0,0.0,True,9
8,0,0,True,0.0,0.0,0.0,0.0,True,9
9,0,0,True,0.0,0.0,0.0,0.0,True,9
10,0,0,True,0.0,0.0,0.0,0.0,True,9
11,0,0,True,0.0,0.0,0.0,0.0,True,9
12,0,0,True,0.0,0.0,0.0,0.0,True,9
13,0,0,True,0.0,0.0,0.0,0.0,True,9
14,0,0,True,0.0,0.0,0.0,0.0,True,9
15,0,0,True,0.0,0.0,0.0,0.0,True,9
16,0,0,True,0.0,0.0,0.0,0.0,True,9
17,0,0,True,0.0,0.0,0.0,0.0,True,9
18,0,0,True,0.0,0.0,0.0,0.0,True,9
19,0,0,True,0.0,0.0,0.0,0.0,True,9
20,0,0,True,0.0,0.0,0.0,0.0,True,9
21,0,0,True,0.0,0.0,0.0,0.0,True,9
22,0,0,True,0.0,0.0,0.0,0.0,True,9
23,0,0,True,0.0,0.0,0.0,0.0,True,9
24,0,0,True,0.0,0.0,0.0,0.0,True,9
25,0,0,True,0.0,0.0,0.0,0.0,True,9
26,2,2,True,59.997,59.997,-0.0,-0.0,True,9
27,2,2,True,60.019,60.019,0.0,0.0,True,9
28,2,2,True,60.058,60.058,-0.0,-0.0,True,9
29,2,2,True,60.116,60.116,-0.0,-0.0,True,9
30,2,2,True,60.192,60.192,0.0,0.0,True,9
31,2,2,True,60.286,60.286,0.0,0.0,True,9
32,2,2,True,60.398,60.398,0.0,0.0,True,9
33,2,2,True,60.529,60.529,0.0,0.0,True,9
34,2,2,True,60.677,60.677,0.0,0.0,True,9
35,2,2,True,60.844,60.844,0.0,0.0,True,9
36,2,2,True,61.029,61.029,0.0,0.0,True,9
37,2,2,True,61.232,61.232,0.0,0.0,True,9
38,2,2,True,61.454,61.454,0.0,0.0,True,9
39,2,2,True,61.693,61.693,0.0,0.0,True,9
40,2,2,True,61.951,61.951,0.0,0.0,True,9
41,2,2,True,62.227,62.227,0.0,0.0,True,9
42,2,2,True,62.521,62.521,0.0,0.0,True,9
43,2,2,True,62.833,62.833,0.0,0.0,True,9
44,2,2,True,63.164,63.164,0.0,0.0,True,9
45,2,2,True,63.512,63.512,0.0,0.0,True,9
46,2,2,True,63.879,63.879,0.0,0.0,True,9
47,2,2,True,64.264,64.264,0.0,0.0,True,9
48,2,2,True,64.668,64.668,0.0,0.0,True,9
49,2,2,True,65.089,65.089,0.0,0.0,True,9
50,2,2,True,65.528,65.528,0.0,0.0,True,9
51,2,2,True,65.986,65.986,0.0,0.0,True,9
52,2,2,True,66.462,66.462,0.0,0.0,True,9
53,2,2,True,66.956,66.956,0.0,0.0,True,9
54,2,2,True,67.468,67.468,0.0,0.0,True,9
55,2,2,True,67.998,67.998,0.0,0.0,True,9
56,2,2,True,68.546,68.546,0.0,0.0,True,9
57,2,2,True,69.112,69.112,0.0,0.0,True,9
58,2,2,True,69.696,69.696,0.0,0.0,True,9
59,2,2,True,70.297,70.297,0.0,0.0,True,9
60,2,2,True,70.916,70.916,0.0,0.0,True,9
