scenario,launcher_mode,agent_id,expected_can_execute,actual_can_execute,fail_count,warning_count,summary_verdict,preflight_parity
valid_sandbox_fixture,SANDBOX,fixture_seeded_random,True,True,0,0,READY,True
fixture_on_validation_blocked,VALIDATION,fixture_seeded_random,False,False,1,0,BLOCKED,True
fixture_on_test_blocked,TEST,fixture_seeded_random,False,False,1,0,BLOCKED,True
test_render_native_blocked,TEST,mock_benchmark_agent,False,False,1,0,BLOCKED,True
validation_render_native_blocked,VALIDATION,mock_benchmark_agent,False,False,1,0,BLOCKED,True
stochastic_test_missing_seed_blocked,TEST,mock_stoch_benchmark,False,False,1,0,BLOCKED,True
stochastic_test_invalid_seed_blocked,TEST,mock_stoch_benchmark,False,False,1,0,BLOCKED,True
stochastic_test_valid_seed_passed,TEST,mock_stoch_benchmark,True,True,0,0,READY,True
deterministic_test_with_seed_blocked,TEST,mock_benchmark_agent,False,False,1,0,BLOCKED,True
deterministic_test_no_seed_passed,TEST,mock_benchmark_agent,True,True,0,0,READY,True
dirty_worktree_on_test_blocked,TEST,mock_benchmark_agent,False,False,1,0,BLOCKED,True
dirty_worktree_on_sandbox_allowed,SANDBOX,fixture_seeded_random,True,True,0,1,PROCEED_WITH_WARNINGS,True
unverified_metadrive_on_test_blocked,TEST,mock_benchmark_agent,False,False,1,0,BLOCKED,True
